{
  "timestamp": {
    "n_topics": 6,
    "topics": [
      [
        "pm",
        "08",
        "09",
        "28",
        "19",
        "37",
        "44",
        "57",
        "32",
        "00"
      ],
      [
        "11",
        "pm",
        "10",
        "07",
        "16",
        "52",
        "26",
        "58",
        "09",
        "44"
      ],
      [
        "pm",
        "07",
        "12",
        "09",
        "31",
        "08",
        "49",
        "38",
        "29",
        "17"
      ],
      [
        "pm",
        "08",
        "05",
        "33",
        "09",
        "10",
        "45",
        "23",
        "22",
        "27"
      ],
      [
        "pm",
        "10",
        "08",
        "11",
        "04",
        "59",
        "21",
        "14",
        "05",
        "41"
      ],
      [
        "pm",
        "11",
        "25",
        "40",
        "53",
        "02",
        "48",
        "12",
        "18",
        "09"
      ]
    ]
  },
  "purchase_categories": {
    "n_topics": 2,
    "topics": [
      [
        "home",
        "kitchen",
        "food",
        "gourmet",
        "groceries",
        "fashion",
        "clothing",
        "beauty",
        "care",
        "personal"
      ],
      [
        "personal",
        "care",
        "beauty",
        "clothing",
        "fashion",
        "kitchen",
        "home",
        "groceries",
        "gourmet",
        "food"
      ]
    ]
  },
  "cart_abandonment_factors": {
    "n_topics": 2,
    "topics": [
      [
        "item",
        "need",
        "longer",
        "mind",
        "changed",
        "better",
        "price",
        "high",
        "shipping",
        "costs"
      ],
      [
        "price",
        "better",
        "shipping",
        "high",
        "costs",
        "changed",
        "mind",
        "longer",
        "need",
        "item"
      ]
    ]
  }
}