timestamp,age,gender,purchase_frequency,purchase_categories,personalized_recommendation_frequency,browsing_frequency,product_search_method,search_result_exploration,customer_reviews_importance,add_to_cart_browsing,cart_completion_frequency,cart_abandonment_factors,saveforlater_frequency,review_left,review_reliability,review_helpfulness,personalized_recommendation_frequency_1,recommendation_helpfulness,rating_accuracy,shopping_satisfaction,service_appreciation,improvement_areas,rating_accuracy_num,customer_reviews_importance_num,recommendation_helpfulness_num,shopping_satisfaction_num,saveforlater_frequency_num,cart_completion_frequency_num,timestamp_parsed,ts_year,ts_month,ts_day,ts_hour,ts_weekday,timestamp_topic_0,timestamp_topic_1,timestamp_topic_2,timestamp_topic_3,timestamp_topic_4,timestamp_topic_5,purchase_categories_topic_0,purchase_categories_topic_1,cart_abandonment_factors_topic_0,cart_abandonment_factors_topic_1,cluster_kmeans,cluster_dbscan,cluster_agg,cluster_gmm
2023/06/04 7:48:31 PM GMT+5:30,25,Female,Multiple times a week,Beauty and Personal Care;Clothing and Fashion;Home and Kitchen,No,Few times a week,Keyword,Multiple pages,1,Yes,Sometimes,High shipping costs,Sometimes,Yes,Heavily,Yes,3,Yes,3,1,Wide product selection,Product quality and accuracy,3.0,1.0,,1.0,3.0,3.0,2023-06-04 19:48:31-05:30,2023,6,4,19,6,0.0335616083839082,0.0334157584142639,0.292653141543798,0.0334929307464465,0.033954386877601,0.5729221740339822,0.3414092851526727,0.6585907148473272,0.1250428283408851,0.8749571716591149,1,-1,1,1
2023/06/04 8:49:49 PM GMT+5:30,64,Male,Once a week,Groceries and Gourmet Food,No,Few times a month,Keyword,Multiple pages,3,No,Often,Changed my mind or no longer need the item,Never,No,Occasionally,Yes,2,Yes,1,2,Competitive prices,Reducing packaging waste,1.0,3.0,,2.0,1.0,4.0,2023-06-04 20:49:49-05:30,2023,6,4,20,6,0.0335651090555862,0.0335060237833554,0.5789606552390442,0.0334954197569917,0.2868687324031349,0.0336040597618874,0.8749670464993454,0.1250329535006545,0.9166431756145148,0.083356824385485,1,-1,1,0
2023/06/04 9:18:12 PM GMT+5:30,24,Female,Multiple times a week,Groceries and Gourmet Food,Yes,Few times a week,categories,Multiple pages,1,Maybe,Rarely,Changed my mind or no longer need the item,Sometimes,Yes,Moderately,No,2,No,2,3,User-friendly website/app interface,Product quality and accuracy,2.0,1.0,,3.0,3.0,2.0,2023-06-04 21:18:12-05:30,2023,6,4,21,6,0.0335096678248878,0.0334093128415865,0.0336837844923434,0.0335439398516379,0.0336815559622179,0.8321717390273262,0.8749670464993454,0.1250329535006545,0.9166431756145148,0.083356824385485,1,-1,0,1
2023/06/04 11:12:15 PM GMT+5:30,23,Male,Multiple times a week,Groceries and Gourmet Food;Beauty and Personal Care;Clothing and Fashion;Home and Kitchen;others,Yes,Few times a week,Keyword,Multiple pages,1,Yes,Often,Found a better price elsewhere,Rarely,Yes,Heavily,Yes,3,Yes,1,1,Competitive prices,Customer service responsiveness,1.0,1.0,,1.0,2.0,4.0,2023-06-04 23:12:15-05:30,2023,6,4,23,6,0.0278926486447568,0.0280118350988004,0.0280011292449351,0.0280987303866957,0.0280587961143467,0.859936860510465,0.562945602628819,0.437054397371181,0.1666824542265414,0.8333175457734585,1,-1,0,1
2023/06/05 4:49:43 PM GMT+5:30,30,Male,Once a week,Groceries and Gourmet Food;Home and Kitchen,Yes,Few times a week,Filter,Multiple pages,4,Yes,Often,Found a better price elsewhere,Always,Yes,Moderately,Yes,4,Yes,4,4,Product recommendations,Customer service responsiveness,4.0,4.0,,4.0,5.0,4.0,2023-06-05 16:49:43-05:30,2023,6,5,16,0,0.5726490855568933,0.0335921853382356,0.2928444675858691,0.0337482619009814,0.0336095386198315,0.0335564609981888,0.9165157481572956,0.0834842518427043,0.1666824542265414,0.8333175457734585,0,-1,0,0
2023/06/05 4:52:12 PM GMT+5:30,54,Others,Multiple times a week,Groceries and Gourmet Food;Beauty and Personal Care;Clothing and Fashion;Home and Kitchen;others,Yes,Multiple times a day,categories,Multiple pages,4,Yes,Always,others,Always,Yes,Heavily,Yes,5,Yes,5,5,Competitive prices,Shipping speed and reliability,5.0,4.0,,5.0,5.0,5.0,2023-06-05 16:52:12-05:30,2023,6,5,16,0,0.0334981424451631,0.0341950968130807,0.0337625792173474,0.8314322832601527,0.0334954677418901,0.0336164305223659,0.562945602628819,0.437054397371181,0.5,0.5,0,-1,0,1
2023/06/05 8:06:04 PM GMT+5:30,23,Prefer not to say,Once a week,Beauty and Personal Care,No,Multiple times a day,categories,Multiple pages,5,Maybe,Sometimes,Found a better price elsewhere,Sometimes,Yes,Occasionally,Sometimes,3,Sometimes,3,3,Product recommendations,Reducing packaging waste,3.0,5.0,3.0,3.0,3.0,3.0,2023-06-05 20:06:04-05:30,2023,6,5,20,0,0.042071049205202,0.0418757150937128,0.0418522458627802,0.0422148742814367,0.7899416365395927,0.0420444790172755,0.1273542546663209,0.8726457453336791,0.1666824542265414,0.8333175457734585,0,-1,0,0
2023/06/05 8:50:24 PM GMT+5:30,20,Female,Multiple times a week,Beauty and Personal Care;Clothing and Fashion,No,Multiple times a day,categories,First page,1,No,Often,Found a better price elsewhere,Often,No,Occasionally,Sometimes,3,No,3,3,Competitive prices,Reducing packaging waste,3.0,1.0,,3.0,4.0,4.0,2023-06-05 20:50:24-05:30,2023,6,5,20,0,0.375963246505427,0.0335465917115152,0.033626948954062,0.4898419539967269,0.0335197053339723,0.0335015534982963,0.0868156385412483,0.9131843614587516,0.1666824542265414,0.8333175457734585,1,-1,0,0
2023/06/05 10:06:15 PM GMT+5:30,40,Female,Once a week,Beauty and Personal Care;Clothing and Fashion;Home and Kitchen,Sometimes,Few times a week,categories,Multiple pages,2,Maybe,Often,Found a better price elsewhere,Often,Yes,Occasionally,Sometimes,2,No,2,2,Competitive prices,Shipping speed and reliability,2.0,2.0,,2.0,4.0,4.0,2023-06-05 22:06:15-05:30,2023,6,5,22,0,0.0334979435971323,0.0337983846279249,0.0334470263057052,0.8320200251787004,0.033708060352575,0.0335285599379619,0.3414092851526727,0.6585907148473272,0.1666824542265414,0.8333175457734585,1,-1,0,0
2023/06/06 8:46:03 AM GMT+5:30,23,Female,Once a week,Clothing and Fashion,Sometimes,Few times a week,categories,Multiple pages,5,No,Rarely,others,Sometimes,No,Occasionally,Sometimes,3,Yes,3,3,Product recommendations,Product quality and accuracy,3.0,5.0,,3.0,3.0,2.0,2023-06-06 08:46:03-05:30,2023,6,6,8,1,0.0555558402283706,0.0558611984859155,0.7197678947545815,0.0558789814405995,0.0560047615225634,0.0569313235679693,0.1801228724025039,0.8198771275974961,0.5,0.5,0,-1,0,0
2023/06/06 9:45:55 AM GMT+5:30,24,Female,Once a week,Beauty and Personal Care;Clothing and Fashion;Home and Kitchen,Sometimes,Few times a week,Keyword,Multiple pages,1,Yes,Often,Found a better price elsewhere,Always,Yes,Heavily,Yes,1,Yes,1,1,Wide product selection,Customer service responsiveness,1.0,1.0,,1.0,5.0,4.0,2023-06-06 09:45:55-05:30,2023,6,6,9,1,0.0555557609728681,0.0555557400170341,0.0555557196587178,0.3889012982928064,0.3883570037685451,0.0560744772900283,0.3414092851526727,0.6585907148473272,0.1666824542265414,0.8333175457734585,1,-1,1,1
2023/06/06 9:47:31 AM GMT+5:30,23,Prefer not to say,Once a week,Beauty and Personal Care;Clothing and Fashion;Home and Kitchen,Yes,Multiple times a day,Keyword,Multiple pages,1,Yes,Often,Found a better price elsewhere,Always,Yes,Heavily,Yes,1,Yes,1,1,Wide product selection,Customer service responsiveness,1.0,1.0,,1.0,5.0,4.0,2023-06-06 09:47:31-05:30,2023,6,6,9,1,0.0555558138578965,0.0560700283396193,0.7203044811666169,0.0568752443483175,0.0556385216078124,0.055555910679737,0.3414092851526727,0.6585907148473272,0.1666824542265414,0.8333175457734585,1,-1,1,1
2023/06/06 10:03:52 AM GMT+5:30,23,Male,Once a week,Clothing and Fashion,Sometimes,Few times a week,Filter,Multiple pages,1,No,Sometimes,Changed my mind or no longer need the item,Sometimes,Yes,Moderately,No,1,No,2,2,Competitive prices,Customer service responsiveness,2.0,1.0,,2.0,3.0,3.0,2023-06-06 10:03:52-05:30,2023,6,6,10,1,0.0416667570444675,0.7910675373717146,0.0418701827232473,0.0419420112297415,0.041786717722269,0.04166679390856,0.1801228724025039,0.8198771275974961,0.9166431756145148,0.083356824385485,1,-1,0,0
2023/06/06 11:49:21 AM GMT+5:30,30,Male,Multiple times a week,Clothing and Fashion;Home and Kitchen,Yes,Few times a week,Keyword,Multiple pages,3,Yes,Sometimes,Found a better price elsewhere,Sometimes,Yes,Moderately,Yes,1,Yes,1,2,Competitive prices,Customer service responsiveness,1.0,3.0,,2.0,3.0,3.0,2023-06-06 11:49:21-05:30,2023,6,6,11,1,0.0416667858725211,0.0425243670492853,0.2913954109376895,0.0416667748138285,0.5407291659827517,0.0420174953439237,0.6183487466931364,0.3816512533068635,0.1666824542265414,0.8333175457734585,1,-1,0,1
2023/06/06 6:33:23 PM GMT+5:30,24,Male,Once a week,Clothing and Fashion;others,No,Few times a week,categories,First page,2,No,Often,Found a better price elsewhere,Often,Yes,Occasionally,No,3,No,3,2,Product recommendations,Customer service responsiveness,3.0,2.0,,2.0,4.0,4.0,2023-06-06 18:33:23-05:30,2023,6,6,18,1,0.0418607279397607,0.0418164101054716,0.0419510618595957,0.7906641977973728,0.0418463544212969,0.0418612478765021,0.1801228724025039,0.8198771275974961,0.1666824542265414,0.8333175457734585,1,-1,0,0
2023/06/06 6:34:44 PM GMT+5:30,25,Female,Once a week,Groceries and Gourmet Food;Beauty and Personal Care;Clothing and Fashion;Home and Kitchen,Yes,Few times a week,Filter,First page,2,No,Often,Found a better price elsewhere,Sometimes,Yes,Heavily,No,2,Yes,3,2,Product recommendations,Customer service responsiveness,3.0,2.0,,2.0,3.0,4.0,2023-06-06 18:34:44-05:30,2023,6,6,18,1,0.7907931967378433,0.0418918223858034,0.0418385197289679,0.0418152885297639,0.0418240578596497,0.0418371147579715,0.562945602628819,0.437054397371181,0.1666824542265414,0.8333175457734585,1,-1,0,0
2023/06/06 6:35:33 PM GMT+5:30,27,Male,Once a week,Beauty and Personal Care;Clothing and Fashion;Home and Kitchen;others,No,Few times a month,Filter,First page,3,No,Sometimes,Found a better price elsewhere,Sometimes,Yes,Occasionally,No,3,No,3,2,Competitive prices,Product quality and accuracy,3.0,3.0,,2.0,3.0,3.0,2023-06-06 18:35:33-05:30,2023,6,6,18,1,0.4289174622203978,0.0418231467473745,0.04213204406284,0.4031318734471149,0.0420678966427686,0.0419275768795039,0.3414092851526727,0.6585907148473272,0.1666824542265414,0.8333175457734585,0,-1,0,0
2023/06/06 6:36:16 PM GMT+5:30,29,Prefer not to say,Once a week,Beauty and Personal Care,Yes,Few times a week,categories,Multiple pages,1,No,Sometimes,Found a better price elsewhere,Sometimes,Yes,Occasionally,No,3,No,2,1,Competitive prices,Customer service responsiveness,2.0,1.0,,1.0,3.0,3.0,2023-06-06 18:36:16-05:30,2023,6,6,18,1,0.0418781551861519,0.3898748553901078,0.442326461087182,0.0418515206391571,0.0421902454736784,0.0418787622237225,0.1273542546663209,0.8726457453336791,0.1666824542265414,0.8333175457734585,1,-1,1,0
2023/06/06 6:38:49 PM GMT+5:30,32,Female,Once a week,Groceries and Gourmet Food;Beauty and Personal Care;Clothing and Fashion;Home and Kitchen;others,Yes,Multiple times a day,Keyword,Multiple pages,1,Yes,Often,Found a better price elsewhere,Always,Yes,Heavily,Yes,1,Yes,1,1,User-friendly website/app interface,Customer service responsiveness,1.0,1.0,,1.0,5.0,4.0,2023-06-06 18:38:49-05:30,2023,6,6,18,1,0.0418348538997115,0.04184793435184,0.7907715046612995,0.0418137164980604,0.0418966775820199,0.0418353130070685,0.562945602628819,0.437054397371181,0.1666824542265414,0.8333175457734585,1,-1,1,1
2023/06/06 6:41:11 PM GMT+5:30,20,Female,Multiple times a week,Groceries and Gourmet Food;Beauty and Personal Care;Clothing and Fashion;Home and Kitchen,Yes,Multiple times a day,Keyword,Multiple pages,1,Yes,Always,High shipping costs,Always,Yes,Heavily,Yes,4,Yes,1,1,Wide product selection,Product quality and accuracy,1.0,1.0,,1.0,5.0,5.0,2023-06-06 18:41:11-05:30,2023,6,6,18,1,0.0418501824635439,0.0422236675589668,0.0419063422256459,0.0418271506565404,0.7901119584480693,0.0420806986472334,0.562945602628819,0.437054397371181,0.1250428283408851,0.8749571716591149,1,-1,1,1
2023/06/06 6:42:00 PM GMT+5:30,35,Female,Once a week,Beauty and Personal Care,No,Few times a month,categories,First page,3,No,Rarely,Changed my mind or no longer need the item,Sometimes,No,Occasionally,No,2,Sometimes,4,3,Product recommendations,Product quality and accuracy,4.0,3.0,3.0,3.0,3.0,2.0,2023-06-06 18:42:00-05:30,2023,6,6,18,1,0.7902688853205964,0.0421539421432427,0.0418934712480423,0.0420222915135511,0.0418241900486865,0.0418372197258809,0.1273542546663209,0.8726457453336791,0.9166431756145148,0.083356824385485,0,-1,0,0
2023/06/06 6:43:32 PM GMT+5:30,28,Female,Multiple times a week,Beauty and Personal Care;Clothing and Fashion;others,Yes,Multiple times a day,Keyword,Multiple pages,1,Yes,Often,Changed my mind or no longer need the item,Always,Yes,Heavily,Yes,3,Sometimes,2,1,Wide product selection,Customer service responsiveness,2.0,1.0,3.0,1.0,5.0,4.0,2023-06-06 18:43:32-05:30,2023,6,6,18,1,0.7908692626524187,0.0417992647144886,0.0418438807798819,0.0418178579218819,0.0418274767501955,0.0418422571811331,0.0868156385412483,0.9131843614587516,0.9166431756145148,0.083356824385485,1,-1,1,1
2023/06/06 6:44:04 PM GMT+5:30,27,Male,Once a week,Beauty and Personal Care;Home and Kitchen,No,Few times a week,categories,First page,2,No,Often,Changed my mind or no longer need the item,Often,No,Heavily,Sometimes,3,No,2,2,Competitive prices,Customer service responsiveness,2.0,2.0,,2.0,4.0,4.0,2023-06-06 18:44:04-05:30,2023,6,6,18,1,0.7898493014313277,0.0418842552748182,0.041838538411568,0.0419125655357887,0.0424430676934416,0.0420722716530555,0.4322740400109385,0.5677259599890614,0.9166431756145148,0.083356824385485,1,-1,0,0
2023/06/06 6:44:50 PM GMT+5:30,45,Female,Once a week,Groceries and Gourmet Food;Beauty and Personal Care;Clothing and Fashion;Home and Kitchen,No,Multiple times a day,categories,Multiple pages,2,No,Often,Changed my mind or no longer need the item,Often,No,Moderately,No,2,No,2,2,Competitive prices,Product quality and accuracy,2.0,2.0,,2.0,4.0,4.0,2023-06-06 18:44:50-05:30,2023,6,6,18,1,0.7906441787607322,0.0419623472293073,0.0419170446537163,0.0418153070246305,0.0418240547359579,0.0418370675956557,0.562945602628819,0.437054397371181,0.9166431756145148,0.083356824385485,1,-1,0,0
2023/06/06 6:45:33 PM GMT+5:30,50,Female,Multiple times a week,Beauty and Personal Care;Clothing and Fashion;Home and Kitchen,No,Few times a week,Filter,First page,3,Yes,Often,Changed my mind or no longer need the item,Rarely,Yes,Moderately,No,2,No,3,2,Competitive prices,Reducing packaging waste,3.0,3.0,,2.0,2.0,4.0,2023-06-06 18:45:33-05:30,2023,6,6,18,1,0.0418609180548835,0.0418164336859151,0.0418630656986184,0.7907516780718823,0.041846463197906,0.0418614412907945,0.3414092851526727,0.6585907148473272,0.9166431756145148,0.083356824385485,1,-1,0,0
2023/06/06 6:46:21 PM GMT+5:30,29,Female,Multiple times a week,Groceries and Gourmet Food;Beauty and Personal Care;Clothing and Fashion;Home and Kitchen;others,Yes,Multiple times a day,Keyword,Multiple pages,1,Yes,Sometimes,Changed my mind or no longer need the item,Always,Yes,Heavily,Yes,1,Sometimes,1,1,Competitive prices,Product quality and accuracy,1.0,1.0,3.0,1.0,5.0,3.0,2023-06-06 18:46:21-05:30,2023,6,6,18,1,0.0418502370328017,0.0418083746458717,0.0419991712499516,0.0418272009089944,0.7901095757742316,0.0424054403881489,0.562945602628819,0.437054397371181,0.9166431756145148,0.083356824385485,1,-1,1,1
2023/06/06 7:08:47 PM GMT+5:30,29,Male,Multiple times a week,Beauty and Personal Care;Clothing and Fashion,No,Multiple times a day,Filter,Multiple pages,5,Yes,Sometimes,Found a better price elsewhere,Always,No,Rarely,Yes,3,Yes,1,1,Competitive prices,Shipping speed and reliability,1.0,5.0,,1.0,5.0,3.0,2023-06-06 19:08:47-05:30,2023,6,6,19,1,0.041988745533223,0.0418984789185545,0.0419912388335454,0.7902830439028355,0.0419769121588233,0.041861580653018,0.0868156385412483,0.9131843614587516,0.1666824542265414,0.8333175457734585,1,-1,0,1
2023/06/06 7:11:46 PM GMT+5:30,33,Female,Once a week,Beauty and Personal Care;others,No,Few times a week,Filter,First page,5,Maybe,Never,Changed my mind or no longer need the item,Rarely,No,Occasionally,No,2,Yes,1,1,Product recommendations,Shipping speed and reliability,1.0,5.0,,1.0,2.0,1.0,2023-06-06 19:11:46-05:30,2023,6,6,19,1,0.0418360840653076,0.0420991044091057,0.0418916097290602,0.0418148636066816,0.04203255695916,0.7903257812306846,0.1273542546663209,0.8726457453336791,0.9166431756145148,0.083356824385485,1,-1,0,0
2023/06/06 7:16:28 PM GMT+5:30,37,Male,Once a week,Beauty and Personal Care;Clothing and Fashion,No,Few times a month,categories,First page,3,No,Sometimes,Found a better price elsewhere,Always,No,Occasionally,No,2,No,3,4,Product recommendations,Customer service responsiveness,3.0,3.0,,4.0,5.0,3.0,2023-06-06 19:16:28-05:30,2023,6,6,19,1,0.4419682190739099,0.3905538234946407,0.0418817476705519,0.0418526058903838,0.0418636121276941,0.0418799917428193,0.0868156385412483,0.9131843614587516,0.1666824542265414,0.8333175457734585,0,-1,0,0
2023/06/06 7:18:01 PM GMT+5:30,60,Female,Once a week,Beauty and Personal Care;Clothing and Fashion,Yes,Multiple times a day,Keyword,First page,2,No,Sometimes,Changed my mind or no longer need the item,Sometimes,No,Occasionally,No,2,No,2,3,Product recommendations,Customer service responsiveness,2.0,2.0,,3.0,3.0,3.0,2023-06-06 19:18:01-05:30,2023,6,6,19,1,0.0418639923039215,0.0418189276705041,0.0418661446749254,0.0420625031963228,0.4074092182616506,0.4249792138926753,0.0868156385412483,0.9131843614587516,0.9166431756145148,0.083356824385485,0,-1,1,0
2023/06/06 7:18:52 PM GMT+5:30,18,Female,Once a week,Groceries and Gourmet Food;Beauty and Personal Care,No,Few times a month,categories,First page,3,Maybe,Sometimes,Found a better price elsewhere,Often,No,Rarely,No,4,No,4,4,Competitive prices,Reducing packaging waste,4.0,3.0,,4.0,4.0,3.0,2023-06-06 19:18:52-05:30,2023,6,6,19,1,0.0418793938921379,0.3897788301401896,0.0418817455596684,0.0419234624054007,0.0418634960532532,0.4426730719493499,0.5289709476808155,0.4710290523191844,0.1666824542265414,0.8333175457734585,0,-1,0,0
2023/06/06 7:42:51 PM GMT+5:30,46,Male,Once a week,Beauty and Personal Care,Sometimes,Rarely,Keyword,Multiple pages,2,Yes,Often,Found a better price elsewhere,Often,Yes,Heavily,No,2,No,2,2,Competitive prices,Customer service responsiveness,2.0,2.0,,2.0,4.0,4.0,2023-06-06 19:42:51-05:30,2023,6,6,19,1,0.0419897601862504,0.7899729399113171,0.0423019563850442,0.0419769878096032,0.0418706754570131,0.0418876802507719,0.1273542546663209,0.8726457453336791,0.1666824542265414,0.8333175457734585,1,-1,0,1
2023/06/06 7:46:27 PM GMT+5:30,26,Female,Multiple times a week,Groceries and Gourmet Food;Beauty and Personal Care;Clothing and Fashion;Home and Kitchen;others,Sometimes,Few times a week,Keyword,Multiple pages,1,Maybe,Often,others,Often,Yes,Moderately,Yes,3,Sometimes,3,2,Competitive prices,Add more familiar brands to the list,3.0,1.0,3.0,2.0,4.0,4.0,2023-06-06 19:46:27-05:30,2023,6,6,19,1,0.0418361546124804,0.0417975617562534,0.0419391284087041,0.042062685024028,0.0418889579046618,0.7904755122938721,0.562945602628819,0.437054397371181,0.5,0.5,1,-1,0,0
2023/06/06 8:57:23 PM GMT+5:30,25,Male,Multiple times a week,Beauty and Personal Care,No,Few times a week,Filter,Multiple pages,3,Maybe,Often,Found a better price elsewhere,Often,No,Occasionally,Sometimes,2,No,3,3,Competitive prices,Reducing packaging waste,3.0,3.0,,3.0,4.0,4.0,2023-06-06 20:57:23-05:30,2023,6,6,20,1,0.0425196052971341,0.0418166031143131,0.0419496479672266,0.7899974147352402,0.0418552227209249,0.0418615061651609,0.1273542546663209,0.8726457453336791,0.1666824542265414,0.8333175457734585,0,-1,0,0
2023/06/07 9:19:23 AM GMT+5:30,25,Female,Once a week,Groceries and Gourmet Food,Yes,Multiple times a day,Filter,Multiple pages,3,Yes,Sometimes,Changed my mind or no longer need the item,Often,No,Moderately,Yes,3,Yes,3,3,Product recommendations,Reducing packaging waste,3.0,3.0,,3.0,4.0,3.0,2023-06-07 09:19:23-05:30,2023,6,7,9,2,0.2915476258975545,0.0419983770605525,0.5408437124521006,0.0422764251927025,0.0416670163048181,0.0416668430922714,0.8749670464993454,0.1250329535006545,0.9166431756145148,0.083356824385485,0,-1,0,0
2023/06/07 9:20:34 AM GMT+5:30,21,Male,Once a week,Groceries and Gourmet Food,No,Few times a week,categories,First page,5,Maybe,Sometimes,High shipping costs,Rarely,Yes,Occasionally,No,3,No,3,3,User-friendly website/app interface,Customer service responsiveness,3.0,5.0,,3.0,2.0,3.0,2023-06-07 09:20:34-05:30,2023,6,7,9,2,0.4237937435150047,0.0419999660503165,0.4090649079236898,0.0416667649108686,0.0417424793962351,0.041732138203885,0.8749670464993454,0.1250329535006545,0.1250428283408851,0.8749571716591149,0,-1,0,0
2023/06/07 9:25:35 AM GMT+5:30,23,Female,Multiple times a week,Beauty and Personal Care,Yes,Few times a week,Filter,Multiple pages,3,No,Often,Found a better price elsewhere,Sometimes,Yes,Occasionally,Yes,3,Sometimes,3,3,Competitive prices,Customer service responsiveness,3.0,3.0,3.0,3.0,3.0,4.0,2023-06-07 09:25:35-05:30,2023,6,7,9,2,0.0420706180027335,0.0419093980115603,0.5145019592585514,0.0416667764909978,0.0418817936360181,0.3179694546001386,0.1273542546663209,0.8726457453336791,0.1666824542265414,0.8333175457734585,0,-1,0,0
2023/06/07 9:28:09 AM GMT+5:30,23,Prefer not to say,Once a week,Clothing and Fashion,Yes,Few times a month,categories,Multiple pages,3,Maybe,Sometimes,Changed my mind or no longer need the item,Sometimes,Yes,Occasionally,Yes,3,No,3,3,Product recommendations,Customer service responsiveness,3.0,3.0,,3.0,3.0,3.0,2023-06-07 09:28:09-05:30,2023,6,7,9,2,0.441978705950371,0.0421027335135356,0.3906790782904355,0.0418185423110625,0.0416670645588813,0.041753875375714,0.1801228724025039,0.8198771275974961,0.9166431756145148,0.083356824385485,0,-1,0,0
2023/06/07 9:32:38 AM GMT+5:30,21,Female,Once a week,Beauty and Personal Care,Yes,Few times a week,Filter,Multiple pages,3,Maybe,Sometimes,Found a better price elsewhere,Sometimes,No,Moderately,Yes,3,No,3,3,Competitive prices,Customer service responsiveness,3.0,3.0,,3.0,3.0,3.0,2023-06-07 09:32:38-05:30,2023,6,7,9,2,0.291632690113537,0.041902069099928,0.5413638406813062,0.0416667661146684,0.0417678134821869,0.0416668205083733,0.1273542546663209,0.8726457453336791,0.1666824542265414,0.8333175457734585,0,-1,0,0
2023/06/07 10:56:11 AM GMT+5:30,23,Prefer not to say,Once a week,Clothing and Fashion,Yes,Few times a month,Keyword,Multiple pages,3,Maybe,Often,High shipping costs,Always,Yes,Heavily,Yes,3,Sometimes,3,3,Competitive prices,Product quality and accuracy,3.0,3.0,3.0,3.0,5.0,4.0,2023-06-07 10:56:11-05:30,2023,6,7,10,2,0.0333355897534674,0.612828529098608,0.0336513009667464,0.2532745574719223,0.0334919406358292,0.0334180820734267,0.1801228724025039,0.8198771275974961,0.1250428283408851,0.8749571716591149,0,-1,0,1
2023/06/07 12:30:22 PM GMT+5:30,46,Female,Once a week,others,No,Few times a week,Keyword,Multiple pages,5,Yes,Often,Found a better price elsewhere,Often,No,Moderately,Yes,5,Sometimes,3,4,Wide product selection,Customer service responsiveness,3.0,5.0,3.0,4.0,4.0,4.0,2023-06-07 12:30:22-05:30,2023,6,7,12,2,0.033444428813105,0.0336149898111713,0.5398749639238613,0.3261231745186693,0.0334364115237162,0.0335060314094766,0.5,0.5,0.1666824542265414,0.8333175457734585,0,-1,0,1
2023/06/07 2:23:02 PM GMT+5:30,29,Female,Once a week,Groceries and Gourmet Food;Beauty and Personal Care;Clothing and Fashion;Home and Kitchen;others,Yes,Multiple times a day,Keyword,Multiple pages,1,Yes,Often,Found a better price elsewhere,Never,Yes,Moderately,Yes,2,Sometimes,2,2,Wide product selection,Customer service responsiveness,2.0,1.0,3.0,2.0,1.0,4.0,2023-06-07 14:23:02-05:30,2023,6,7,14,2,0.0334394997058759,0.0335467337185725,0.5738329738105238,0.03376914626638,0.0334318410022278,0.2919798054964199,0.562945602628819,0.437054397371181,0.1666824542265414,0.8333175457734585,1,-1,1,1
2023/06/07 5:58:12 PM GMT+5:30,37,Female,Multiple times a week,Groceries and Gourmet Food;Beauty and Personal Care;Clothing and Fashion;Home and Kitchen;others,Sometimes,Few times a week,categories,Multiple pages,1,Yes,Always,Changed my mind or no longer need the item,Often,Yes,Heavily,Yes,2,Sometimes,3,2,Wide product selection,Reducing packaging waste,3.0,1.0,3.0,2.0,4.0,5.0,2023-06-07 17:58:12-05:30,2023,6,7,17,2,0.0335041719649771,0.3824299493855563,0.483478597302782,0.0336097906195998,0.0334426918358613,0.0335347988912234,0.562945602628819,0.437054397371181,0.9166431756145148,0.083356824385485,1,-1,0,1
2023/06/07 6:18:37 PM GMT+5:30,23,Female,Once a week,Beauty and Personal Care,No,Few times a month,categories,Multiple pages,2,No,Often,Found a better price elsewhere,Sometimes,No,Occasionally,Sometimes,3,No,3,2,Product recommendations,Customer service responsiveness,3.0,2.0,,2.0,3.0,4.0,2023-06-07 18:18:37-05:30,2023,6,7,18,2,0.2995529782642012,0.033736395920829,0.3000385600131173,0.0334351266281162,0.0334414038989662,0.29979553527477,0.1273542546663209,0.8726457453336791,0.1666824542265414,0.8333175457734585,1,-1,0,0
2023/06/07 6:20:53 PM GMT+5:30,21,Female,Once a week,Clothing and Fashion,No,Few times a week,Filter,Multiple pages,3,No,Sometimes,Found a better price elsewhere,Sometimes,No,Moderately,No,4,Yes,2,1,Product recommendations,Customer service responsiveness,2.0,3.0,,1.0,3.0,3.0,2023-06-07 18:20:53-05:30,2023,6,7,18,2,0.0335961289578416,0.0335618747591967,0.5256800504945919,0.033426423086764,0.0334917950365247,0.3402437276650809,0.1801228724025039,0.8198771275974961,0.1666824542265414,0.8333175457734585,1,-1,0,0
2023/06/07 6:28:35 PM GMT+5:30,34,Female,Once a week,Beauty and Personal Care,No,Few times a week,Filter,Multiple pages,2,No,Sometimes,Found a better price elsewhere,Often,Yes,Occasionally,No,2,No,3,2,Competitive prices,Customer service responsiveness,3.0,2.0,,2.0,4.0,3.0,2023-06-07 18:28:35-05:30,2023,6,7,18,2,0.4792868127007352,0.033633899987517,0.3866891988315049,0.0334267624583871,0.0335035731375017,0.0334597528843539,0.1273542546663209,0.8726457453336791,0.1666824542265414,0.8333175457734585,1,-1,0,0
2023/06/07 6:29:53 PM GMT+5:30,23,Female,Once a week,Beauty and Personal Care,No,Few times a month,Filter,Multiple pages,3,No,Sometimes,Found a better price elsewhere,Sometimes,No,Occasionally,Sometimes,3,No,3,2,Product recommendations,Reducing packaging waste,3.0,3.0,,2.0,3.0,3.0,2023-06-07 18:29:53-05:30,2023,6,7,18,2,0.0334394286612535,0.0335465318803006,0.5742894895707216,0.0334262059857557,0.0334317758505351,0.2918665680514331,0.1273542546663209,0.8726457453336791,0.1666824542265414,0.8333175457734585,0,-1,0,0
2023/06/07 6:31:23 PM GMT+5:30,27,Female,Once a week,Beauty and Personal Care,No,Few times a month,categories,Multiple pages,2,No,Sometimes,Changed my mind or no longer need the item,Sometimes,No,Rarely,Sometimes,3,No,2,1,Wide product selection,Customer service responsiveness,2.0,2.0,,1.0,3.0,3.0,2023-06-07 18:31:23-05:30,2023,6,7,18,2,0.0334307111503882,0.0334929804904451,0.8325530847259561,0.0336451808971017,0.0334470648851141,0.0334309778509945,0.1273542546663209,0.8726457453336791,0.9166431756145148,0.083356824385485,1,-1,0,1
2023/06/07 9:16:59 PM GMT+5:30,46,Prefer not to say,Once a week,Beauty and Personal Care;Home and Kitchen,No,Few times a month,Filter,Multiple pages,4,Maybe,Rarely,Changed my mind or no longer need the item,Sometimes,No,Moderately,No,3,No,3,3,User-friendly website/app interface,Reducing packaging waste,3.0,4.0,,3.0,3.0,2.0,2023-06-07 21:16:59-05:30,2023,6,7,21,2,0.0334637448420993,0.5625086761279802,0.0336653726847813,0.0334474258007595,0.3034506773825991,0.0334641031617805,0.4322740400109385,0.5677259599890614,0.9166431756145148,0.083356824385485,0,-1,0,0
2023/06/07 9:18:55 PM GMT+5:30,34,Male,Once a week,Clothing and Fashion,Yes,Few times a week,others,Multiple pages,4,No,Rarely,Changed my mind or no longer need the item,Often,Yes,Occasionally,No,4,No,3,2,Product recommendations,Reducing packaging waste,3.0,4.0,,2.0,4.0,2.0,2023-06-07 21:18:55-05:30,2023,6,7,21,2,0.0334398740073807,0.0337426278029329,0.2921777368357186,0.033426595267136,0.0337116532567607,0.573501512830071,0.1801228724025039,0.8198771275974961,0.9166431756145148,0.083356824385485,0,-1,0,0
2023/06/07 9:19:32 PM GMT+5:30,44,Female,Once a week,Clothing and Fashion,Sometimes,Few times a month,categories,Multiple pages,2,Maybe,Sometimes,Found a better price elsewhere,Sometimes,Yes,Occasionally,No,5,Sometimes,4,3,Competitive prices,Customer service responsiveness,4.0,2.0,3.0,3.0,3.0,3.0,2023-06-07 21:19:32-05:30,2023,6,7,21,2,0.5736232919966769,0.0337688100841458,0.2923084153210593,0.0334267034578262,0.0334324870852377,0.0334402920550537,0.1801228724025039,0.8198771275974961,0.1666824542265414,0.8333175457734585,0,-1,0,0
2023/06/07 9:21:50 PM GMT+5:30,32,Female,Once a week,Beauty and Personal Care,Yes,Few times a week,Filter,First page,3,No,Often,Changed my mind or no longer need the item,Sometimes,No,Moderately,No,4,No,4,5,Product recommendations,Customer service responsiveness,4.0,3.0,,5.0,3.0,4.0,2023-06-07 21:21:50-05:30,2023,6,7,21,2,0.0338184169700992,0.0336772478169455,0.5779204820875419,0.0334283887379886,0.2877132033175101,0.0334422610699146,0.1273542546663209,0.8726457453336791,0.9166431756145148,0.083356824385485,0,-1,0,0
2023/06/07 9:22:24 PM GMT+5:30,23,Female,Once a week,Beauty and Personal Care,Yes,Multiple times a day,Keyword,Multiple pages,3,Yes,Always,Changed my mind or no longer need the item,Always,Yes,Occasionally,Yes,2,No,4,3,Product recommendations,Product quality and accuracy,4.0,3.0,,3.0,5.0,5.0,2023-06-07 21:22:24-05:30,2023,6,7,21,2,0.0334491824622483,0.0337129609440722,0.3416451077953489,0.5243023224564484,0.0334409230518781,0.0334495032900041,0.1273542546663209,0.8726457453336791,0.9166431756145148,0.083356824385485,0,-1,0,1
2023/06/07 9:23:41 PM GMT+5:30,23,Male,Once a week,Groceries and Gourmet Food;Clothing and Fashion;Home and Kitchen,No,Few times a week,Keyword,Multiple pages,1,Yes,Always,Changed my mind or no longer need the item,Always,Yes,Heavily,Yes,1,Yes,1,1,Wide product selection,Product quality and accuracy,1.0,1.0,,1.0,5.0,5.0,2023-06-07 21:23:41-05:30,2023,6,7,21,2,0.0334307698152798,0.0334930404928253,0.8322246682703586,0.0336330349938057,0.033787438221063,0.0334310482066674,0.862501152540363,0.1374988474596371,0.9166431756145148,0.083356824385485,1,-1,1,1
2023/06/07 9:54:24 PM GMT+5:30,34,Male,Once a week,Beauty and Personal Care;Home and Kitchen,Yes,Few times a month,Filter,Multiple pages,3,No,Sometimes,Changed my mind or no longer need the item,Often,Yes,Occasionally,No,3,No,3,3,Product recommendations,Customer service responsiveness,3.0,3.0,,3.0,4.0,3.0,2023-06-07 21:54:24-05:30,2023,6,7,21,2,0.0334308440677992,0.0335899064093637,0.8321336396574494,0.0338271052797764,0.033587375689752,0.033431128895859,0.4322740400109385,0.5677259599890614,0.9166431756145148,0.083356824385485,0,-1,0,0
2023/06/07 9:54:56 PM GMT+5:30,34,Female,Once a week,Clothing and Fashion,No,Few times a week,Keyword,Multiple pages,3,No,Sometimes,Found a better price elsewhere,Sometimes,No,Rarely,Sometimes,3,No,2,4,Product recommendations,Reducing packaging waste,2.0,3.0,,4.0,3.0,3.0,2023-06-07 21:54:56-05:30,2023,6,7,21,2,0.0334325694608304,0.033589918365052,0.8321296617127898,0.0338293292294904,0.033587385001383,0.0334311362304542,0.1801228724025039,0.8198771275974961,0.1666824542265414,0.8333175457734585,0,-1,0,0
2023/06/07 10:09:54 PM GMT+5:30,45,Female,Once a week,Clothing and Fashion,Sometimes,Rarely,Keyword,Multiple pages,2,Maybe,Always,High shipping costs,Rarely,Yes,Moderately,No,3,Sometimes,2,3,Competitive prices,Customer service responsiveness,2.0,2.0,3.0,3.0,2.0,5.0,2023-06-07 22:09:54-05:30,2023,6,7,22,2,0.0280597978162672,0.8597571573884882,0.0282038473256964,0.0280168000237168,0.0280201550540709,0.0279422423917602,0.1801228724025039,0.8198771275974961,0.1250428283408851,0.8749571716591149,1,-1,0,1
2023/06/07 10:10:26 PM GMT+5:30,23,Female,Once a week,Groceries and Gourmet Food,Yes,Few times a week,Filter,First page,3,No,Always,Changed my mind or no longer need the item,Rarely,Yes,Rarely,Sometimes,2,No,2,1,Competitive prices,Shipping speed and reliability,2.0,3.0,,1.0,2.0,5.0,2023-06-07 22:10:26-05:30,2023,6,7,22,2,0.0278608009251813,0.8604550409316764,0.0279566460483844,0.0278976965797523,0.0279505237991791,0.0278792917158263,0.8749670464993454,0.1250329535006545,0.9166431756145148,0.083356824385485,1,-1,0,1
2023/06/07 10:10:58 PM GMT+5:30,34,Female,Once a week,Clothing and Fashion;Home and Kitchen,No,Few times a month,Filter,First page,2,No,Sometimes,Changed my mind or no longer need the item,Often,Yes,Moderately,No,3,Sometimes,3,3,Competitive prices,Customer service responsiveness,3.0,2.0,3.0,3.0,4.0,3.0,2023-06-07 22:10:58-05:30,2023,6,7,22,2,0.0278743161245277,0.8604304977889524,0.0279455949301358,0.0279267342127193,0.0279617760915503,0.0278610808521142,0.6183487466931364,0.3816512533068635,0.9166431756145148,0.083356824385485,0,-1,0,0
2023/06/07 10:11:28 PM GMT+5:30,37,Female,Once a week,Beauty and Personal Care,No,Few times a week,categories,First page,2,Yes,Always,Found a better price elsewhere,Often,No,Occasionally,No,3,No,3,3,Product recommendations,Reducing packaging waste,3.0,2.0,,3.0,4.0,5.0,2023-06-07 22:11:28-05:30,2023,6,7,22,2,0.2393046264419316,0.6489565003614859,0.0279738240422944,0.0278829763691891,0.0279654637173533,0.0279166090677454,0.1273542546663209,0.8726457453336791,0.1666824542265414,0.8333175457734585,0,-1,0,0
2023/06/07 10:16:22 PM GMT+5:30,34,Female,Once a week,Clothing and Fashion,No,Few times a week,Filter,Multiple pages,2,No,Sometimes,Changed my mind or no longer need the item,Often,Yes,Occasionally,No,2,No,3,2,Competitive prices,Customer service responsiveness,3.0,2.0,,2.0,4.0,3.0,2023-06-07 22:16:22-05:30,2023,6,7,22,2,0.0278608954321431,0.8600847052482405,0.0279422823758619,0.0283489364694556,0.0279020456558588,0.0278611348184397,0.1801228724025039,0.8198771275974961,0.9166431756145148,0.083356824385485,1,-1,0,0
2023/06/07 10:17:40 PM GMT+5:30,45,Female,Once a week,others,No,Rarely,Keyword,Multiple pages,2,No,Sometimes,others,Often,No,Occasionally,No,3,No,3,3,User-friendly website/app interface,Reducing packaging waste,3.0,2.0,,3.0,4.0,3.0,2023-06-07 22:17:40-05:30,2023,6,7,22,2,0.0278569968246199,0.3055540257768089,0.3740468151485598,0.0279593129492127,0.0281015307568584,0.2364813185439399,0.5,0.5,0.5,0.5,0,-1,0,0
2023/06/07 10:35:06 PM GMT+5:30,21,Prefer not to say,Once a week,Beauty and Personal Care;Clothing and Fashion,Yes,Few times a week,Filter,Multiple pages,3,No,Rarely,Changed my mind or no longer need the item,Rarely,Yes,Occasionally,No,3,No,3,5,Product recommendations,Product quality and accuracy,3.0,3.0,,5.0,2.0,2.0,2023-06-07 22:35:06-05:30,2023,6,7,22,2,0.0337581480670727,0.3824843106595414,0.4829248420599395,0.0335294906208626,0.0338074576875228,0.0334957509050605,0.0868156385412483,0.9131843614587516,0.9166431756145148,0.083356824385485,0,-1,0,0
2023/06/07 10:39:21 PM GMT+5:30,41,Male,Multiple times a week,Groceries and Gourmet Food;Beauty and Personal Care;Clothing and Fashion;Home and Kitchen;others,No,Multiple times a day,Keyword,Multiple pages,1,Maybe,Often,Changed my mind or no longer need the item,Never,Yes,Heavily,Yes,3,Yes,3,4,Wide product selection,Irrelevant product suggestions,3.0,1.0,,4.0,1.0,4.0,2023-06-07 22:39:21-05:30,2023,6,7,22,2,0.0279622998164291,0.3934067568399945,0.0280938276729021,0.0278778859624875,0.4948012731597576,0.0278579565484289,0.562945602628819,0.437054397371181,0.9166431756145148,0.083356824385485,0,-1,1,1
2023/06/07 10:41:10 PM GMT+5:30,23,Female,Once a week,Beauty and Personal Care,Sometimes,Few times a week,Filter,Multiple pages,3,Maybe,Rarely,Found a better price elsewhere,Sometimes,No,Occasionally,No,4,Sometimes,3,3,Competitive prices,Shipping speed and reliability,3.0,3.0,3.0,3.0,3.0,2.0,2023-06-07 22:41:10-05:30,2023,6,7,22,2,0.0278599034498585,0.5037789988403375,0.028066550710218,0.0279072908169008,0.3845271281256597,0.027860128057025,0.1273542546663209,0.8726457453336791,0.1666824542265414,0.8333175457734585,0,-1,0,0
2023/06/07 10:42:24 PM GMT+5:30,22,Female,Multiple times a week,Beauty and Personal Care,Yes,Few times a week,Keyword,Multiple pages,3,Maybe,Sometimes,Changed my mind or no longer need the item,Always,No,Occasionally,Sometimes,4,Sometimes,3,4,Product recommendations,Product quality and accuracy,3.0,3.0,3.0,4.0,5.0,3.0,2023-06-07 22:42:24-05:30,2023,6,7,22,2,0.0279086960707537,0.5679322842485123,0.0280604774863117,0.3203141599309865,0.0279211902671099,0.0278631919963258,0.1273542546663209,0.8726457453336791,0.9166431756145148,0.083356824385485,0,-1,0,0
2023/06/07 10:44:42 PM GMT+5:30,48,Female,Multiple times a week,Clothing and Fashion,Yes,Rarely,Keyword,First page,4,No,Rarely,High shipping costs,Rarely,No,Moderately,No,1,Sometimes,2,2,Wide product selection,Shipping speed and reliability,2.0,4.0,3.0,2.0,2.0,2.0,2023-06-07 22:44:42-05:30,2023,6,7,22,2,0.0280595266521658,0.8603170678694954,0.0279422803005461,0.0279180046040484,0.0279020239277883,0.027861096645956,0.1801228724025039,0.8198771275974961,0.1250428283408851,0.8749571716591149,1,-1,0,1
2023/06/07 11:00:15 PM GMT+5:30,23,Female,Once a week,Beauty and Personal Care,Yes,Few times a week,Filter,First page,3,Maybe,Rarely,Changed my mind or no longer need the item,Rarely,No,Occasionally,Sometimes,3,Sometimes,3,3,Product recommendations,Reducing packaging waste,3.0,3.0,3.0,3.0,2.0,2.0,2023-06-07 23:00:15-05:30,2023,6,7,23,2,0.2390164344789444,0.6489464471487797,0.0280800961517377,0.0280541590599146,0.0278985013031692,0.0280043618574543,0.1273542546663209,0.8726457453336791,0.9166431756145148,0.083356824385485,0,-1,0,0
2023/06/07 11:02:45 PM GMT+5:30,26,Female,Multiple times a week,Clothing and Fashion,Sometimes,Few times a week,categories,Multiple pages,3,Maybe,Sometimes,Changed my mind or no longer need the item,Sometimes,Yes,Occasionally,No,4,Sometimes,3,3,Competitive prices,Reducing packaging waste,3.0,3.0,3.0,3.0,3.0,3.0,2023-06-07 23:02:45-05:30,2023,6,7,23,2,0.0278617697788131,0.3673920319162701,0.0280873668572005,0.2323994565333589,0.0279130673098434,0.3163463076045137,0.1801228724025039,0.8198771275974961,0.9166431756145148,0.083356824385485,0,-1,0,0
2023/06/07 11:03:50 PM GMT+5:30,34,Female,Multiple times a week,Beauty and Personal Care,Sometimes,Few times a week,categories,Multiple pages,3,Maybe,Sometimes,Changed my mind or no longer need the item,Sometimes,No,Moderately,Sometimes,4,Sometimes,3,3,User-friendly website/app interface,Reducing packaging waste,3.0,3.0,3.0,3.0,3.0,3.0,2023-06-07 23:03:50-05:30,2023,6,7,23,2,0.0280576885559871,0.8601117494829249,0.0281219275361068,0.0279208289758495,0.0278864497514579,0.0279013556976736,0.1273542546663209,0.8726457453336791,0.9166431756145148,0.083356824385485,0,-1,0,0
2023/06/07 11:05:19 PM GMT+5:30,23,Female,Multiple times a week,Beauty and Personal Care,Sometimes,Few times a week,Filter,First page,3,Maybe,Sometimes,Found a better price elsewhere,Sometimes,Yes,Heavily,Yes,3,Sometimes,3,3,Product recommendations,Reducing packaging waste,3.0,3.0,3.0,3.0,3.0,3.0,2023-06-07 23:05:19-05:30,2023,6,7,23,2,0.2816116405363069,0.606260896308531,0.0279811518013154,0.0280947496624881,0.0280399796697704,0.0280115820215881,0.1273542546663209,0.8726457453336791,0.1666824542265414,0.8333175457734585,0,-1,0,0
2023/06/07 11:06:40 PM GMT+5:30,22,Female,Once a week,Clothing and Fashion,Sometimes,Few times a month,Filter,Multiple pages,3,Maybe,Sometimes,Found a better price elsewhere,Sometimes,Yes,Occasionally,Sometimes,3,Sometimes,3,3,Product recommendations,Reducing packaging waste,3.0,3.0,3.0,3.0,3.0,3.0,2023-06-07 23:06:40-05:30,2023,6,7,23,2,0.0334553333019013,0.4593086060288984,0.0337142774479756,0.0334400873285896,0.0335114557610159,0.4065702401316189,0.1801228724025039,0.8198771275974961,0.1666824542265414,0.8333175457734585,0,-1,0,0
2023/06/08 3:26:03 AM GMT+5:30,33,Female,Multiple times a week,Groceries and Gourmet Food;Beauty and Personal Care;Clothing and Fashion;Home and Kitchen;others,No,Few times a month,categories,Multiple pages,1,Yes,Always,Changed my mind or no longer need the item,Often,Yes,Moderately,Yes,2,No,3,2,Wide product selection,Reducing packaging waste,3.0,1.0,,2.0,4.0,5.0,2023-06-08 03:26:03-05:30,2023,6,8,3,3,0.041923261502201,0.4109965712747856,0.0420995838769657,0.4212748462700982,0.0419330925083185,0.0417726445676308,0.562945602628819,0.437054397371181,0.9166431756145148,0.083356824385485,1,-1,0,1
2023/06/08 3:26:38 AM GMT+5:30,22,Others,Once a week,Beauty and Personal Care,No,Few times a month,categories,First page,3,No,Often,Changed my mind or no longer need the item,Often,No,Occasionally,No,2,No,2,3,Product recommendations,Customer service responsiveness,2.0,3.0,,3.0,4.0,4.0,2023-06-08 03:26:38-05:30,2023,6,8,3,3,0.0420455980947945,0.0426738109207178,0.7890065150331751,0.0422428631186855,0.0421318283271366,0.0418993845054902,0.1273542546663209,0.8726457453336791,0.9166431756145148,0.083356824385485,0,-1,0,0
2023/06/08 8:59:45 AM GMT+5:30,50,Female,Multiple times a week,Home and Kitchen,Yes,Multiple times a day,others,Multiple pages,3,Yes,Sometimes,Found a better price elsewhere,Always,Yes,Moderately,Yes,2,Yes,3,3,Wide product selection,Product quality and accuracy,3.0,3.0,,3.0,5.0,3.0,2023-06-08 08:59:45-05:30,2023,6,8,8,3,0.0418145600429151,0.0416667315367612,0.0417344574212172,0.4517671447905071,0.3813503351085022,0.0416667711000969,0.8326462361431456,0.1673537638568543,0.1666824542265414,0.8333175457734585,1,-1,0,1
2023/06/08 10:54:00 AM GMT+5:30,25,Female,Multiple times a week,Beauty and Personal Care;Clothing and Fashion;Home and Kitchen,No,Multiple times a day,Filter,Multiple pages,1,Yes,Always,High shipping costs,Always,Yes,Heavily,Yes,1,Yes,1,3,Quick delivery,Reducing packaging waste,1.0,1.0,,3.0,5.0,5.0,2023-06-08 10:54:00-05:30,2023,6,8,10,3,0.2901957475379189,0.033646807828391,0.0335984669985835,0.0335690642488516,0.5756564585789747,0.0333334548072799,0.3414092851526727,0.6585907148473272,0.1250428283408851,0.8749571716591149,1,-1,1,1
2023/06/08 11:59:14 AM GMT+5:30,31,Male,Once a week,Beauty and Personal Care;Home and Kitchen;others,No,Multiple times a day,Keyword,Multiple pages,4,Yes,Always,Changed my mind or no longer need the item,Sometimes,Yes,Heavily,Yes,2,Yes,3,1,Competitive prices,Product quality and accuracy,3.0,4.0,,1.0,3.0,5.0,2023-06-08 11:59:14-05:30,2023,6,8,11,3,0.0334283623142692,0.0335577799872329,0.0333769034801092,0.0334758781140106,0.8327020315073475,0.0334590445970303,0.4322740400109385,0.5677259599890614,0.9166431756145148,0.083356824385485,1,-1,0,1
2023/06/08 2:21:41 PM GMT+5:30,26,Female,Once a week,Beauty and Personal Care,Yes,Few times a month,categories,Multiple pages,1,Yes,Often,Found a better price elsewhere,Sometimes,Yes,Moderately,Yes,1,Yes,1,1,Wide product selection,Product quality and accuracy,1.0,1.0,,1.0,3.0,4.0,2023-06-08 14:21:41-05:30,2023,6,8,14,3,0.033538723168933,0.0334154436642763,0.0335179225703211,0.0335753456944937,0.8325127602298797,0.0334398046720958,0.1273542546663209,0.8726457453336791,0.1666824542265414,0.8333175457734585,1,-1,1,1
2023/06/08 5:06:30 PM GMT+5:30,18,Male,Once a week,Beauty and Personal Care;Clothing and Fashion,Sometimes,Multiple times a day,categories,First page,3,No,Often,Found a better price elsewhere,Sometimes,No,Moderately,No,3,No,3,2,Competitive prices,Reducing packaging waste,3.0,3.0,,2.0,3.0,4.0,2023-06-08 17:06:30-05:30,2023,6,8,17,3,0.0562860834185096,0.055877395141,0.0561023132808675,0.7195221900987877,0.0562364420226165,0.0559755760382184,0.0868156385412483,0.9131843614587516,0.1666824542265414,0.8333175457734585,0,-1,0,0
2023/06/08 5:11:27 PM GMT+5:30,25,Prefer not to say,Once a week,Clothing and Fashion;Home and Kitchen;others,No,Few times a month,categories,Multiple pages,3,Maybe,Sometimes,Changed my mind or no longer need the item,Often,No,Occasionally,No,4,No,2,3,Competitive prices,Reducing packaging waste,2.0,3.0,,3.0,4.0,3.0,2023-06-08 17:11:27-05:30,2023,6,8,17,3,0.0335945518254299,0.0338260652794301,0.0335423226629485,0.4464323898555057,0.0337889902813741,0.4188156800953115,0.6183487466931364,0.3816512533068635,0.9166431756145148,0.083356824385485,0,-1,0,0
2023/06/08 5:19:41 PM GMT+5:30,34,Prefer not to say,Multiple times a week,Beauty and Personal Care,Yes,Multiple times a day,Keyword,Multiple pages,1,Yes,Always,High shipping costs,Always,Yes,Heavily,Yes,5,Yes,5,5,Wide product selection,Product quality and accuracy,5.0,1.0,,5.0,5.0,5.0,2023-06-08 17:19:41-05:30,2023,6,8,17,3,0.4383934143338209,0.033452712608695,0.0335666333652845,0.0335938926164668,0.4275484321758976,0.0334449148998346,0.1273542546663209,0.8726457453336791,0.1250428283408851,0.8749571716591149,0,-1,0,1
2023/06/08 5:25:40 PM GMT+5:30,27,Male,Multiple times a week,Beauty and Personal Care;Clothing and Fashion,No,Few times a month,categories,First page,3,Yes,Always,Changed my mind or no longer need the item,Often,No,Moderately,Yes,2,Yes,2,2,Product recommendations,Customer service responsiveness,2.0,3.0,,2.0,4.0,5.0,2023-06-08 17:25:40-05:30,2023,6,8,17,3,0.0337189874718931,0.033418925060183,0.0335688908578827,0.2838896557180543,0.0337206371408783,0.5816829037511084,0.0868156385412483,0.9131843614587516,0.9166431756145148,0.083356824385485,1,-1,0,1
2023/06/08 5:31:03 PM GMT+5:30,37,Prefer not to say,Once a week,Clothing and Fashion;Home and Kitchen;others,Yes,Multiple times a day,Keyword,Multiple pages,1,Yes,Always,Found a better price elsewhere,Often,Yes,Heavily,Yes,2,No,2,2,Competitive prices,Product quality and accuracy,2.0,1.0,,2.0,4.0,5.0,2023-06-08 17:31:03-05:30,2023,6,8,17,3,0.0336564554228647,0.0334936575364936,0.8318601513346746,0.0338757317264221,0.0336829224307604,0.0334310815487843,0.6183487466931364,0.3816512533068635,0.1666824542265414,0.8333175457734585,1,-1,1,1
2023/06/08 5:32:09 PM GMT+5:30,37,Prefer not to say,Once a week,Groceries and Gourmet Food;Beauty and Personal Care;others,Sometimes,Few times a week,Filter,Multiple pages,1,No,Often,Found a better price elsewhere,Often,Yes,Heavily,No,3,No,1,1,Product recommendations,Shipping speed and reliability,1.0,1.0,,1.0,4.0,4.0,2023-06-08 17:32:09-05:30,2023,6,8,17,3,0.8323084860555695,0.0334441373950744,0.0335614016005116,0.0336809846217532,0.0335305169676394,0.0334744733594517,0.5289709476808155,0.4710290523191844,0.1666824542265414,0.8333175457734585,1,-1,0,1
2023/06/08 5:35:01 PM GMT+5:30,34,Female,Multiple times a week,Beauty and Personal Care;Clothing and Fashion,Yes,Multiple times a day,Keyword,Multiple pages,5,Yes,Always,Changed my mind or no longer need the item,Always,Yes,Rarely,Sometimes,5,Sometimes,4,1,Competitive prices,Customer service responsiveness,4.0,5.0,3.0,1.0,5.0,5.0,2023-06-08 17:35:01-05:30,2023,6,8,17,3,0.0337590833109206,0.0334155382816065,0.0336124368708533,0.0336305421188773,0.8321146990504312,0.0334677003673107,0.0868156385412483,0.9131843614587516,0.9166431756145148,0.083356824385485,0,-1,0,1
2023/06/08 5:36:14 PM GMT+5:30,31,Prefer not to say,Once a week,Clothing and Fashion;Home and Kitchen;others,No,Multiple times a day,Keyword,First page,3,Maybe,Sometimes,Changed my mind or no longer need the item,Rarely,Yes,Moderately,No,4,No,2,3,Product recommendations,Customer service responsiveness,2.0,3.0,,3.0,2.0,3.0,2023-06-08 17:36:14-05:30,2023,6,8,17,3,0.033538447570179,0.0334154808101667,0.0336168271142059,0.0335731093095995,0.8324162765755374,0.0334398586203111,0.6183487466931364,0.3816512533068635,0.9166431756145148,0.083356824385485,0,-1,1,0
2023/06/08 5:46:49 PM GMT+5:30,15,Female,Multiple times a week,Beauty and Personal Care;Clothing and Fashion;Home and Kitchen,No,Multiple times a day,Keyword,Multiple pages,3,No,Often,High shipping costs,Often,No,Moderately,No,1,Yes,2,2,Wide product selection,Product quality and accuracy,2.0,3.0,,2.0,4.0,4.0,2023-06-08 17:46:49-05:30,2023,6,8,17,3,0.0336565709683077,0.0334375737111278,0.8315665034986514,0.0337576899675942,0.0337952716416007,0.0337863902127182,0.3414092851526727,0.6585907148473272,0.1250428283408851,0.8749571716591149,1,-1,0,1
2023/06/08 5:48:14 PM GMT+5:30,20,Prefer not to say,Multiple times a week,Beauty and Personal Care;Clothing and Fashion;Home and Kitchen;others,Sometimes,Multiple times a day,categories,First page,3,Yes,Often,Found a better price elsewhere,Often,Yes,Moderately,No,4,No,2,2,Product recommendations,Product quality and accuracy,2.0,3.0,,2.0,4.0,4.0,2023-06-08 17:48:14-05:30,2023,6,8,17,3,0.0336020639092592,0.0334204939868198,0.0335183063222564,0.0336663462327701,0.5686613696422547,0.2971314199066395,0.3414092851526727,0.6585907148473272,0.1666824542265414,0.8333175457734585,1,-1,1,1
2023/06/08 5:48:55 PM GMT+5:30,34,Female,Multiple times a week,Beauty and Personal Care;Clothing and Fashion;Home and Kitchen,Sometimes,Multiple times a day,categories,Multiple pages,2,Maybe,Sometimes,Changed my mind or no longer need the item,Sometimes,No,Moderately,Sometimes,2,No,1,1,User-friendly website/app interface,Product quality and accuracy,1.0,2.0,,1.0,3.0,3.0,2023-06-08 17:48:55-05:30,2023,6,8,17,3,0.0336367067273741,0.0334197991885841,0.0335333215390657,0.0337176862496596,0.4821783252517797,0.3835141610435367,0.3414092851526727,0.6585907148473272,0.9166431756145148,0.083356824385485,1,-1,0,1
2023/06/08 5:57:03 PM GMT+5:30,43,Male,Once a week,Beauty and Personal Care;Clothing and Fashion;Home and Kitchen,Sometimes,Few times a week,Keyword,Multiple pages,1,Yes,Always,Found a better price elsewhere,Sometimes,No,Occasionally,No,2,Sometimes,5,2,Wide product selection,Customer service responsiveness,5.0,1.0,3.0,2.0,3.0,5.0,2023-06-08 17:57:03-05:30,2023,6,8,17,3,0.0339521482660594,0.0335168352010201,0.033596924195105,0.8319734183786448,0.0335144178742722,0.0334462560848983,0.3414092851526727,0.6585907148473272,0.1666824542265414,0.8333175457734585,1,-1,0,1
2023/06/08 5:57:34 PM GMT+5:30,32,Prefer not to say,Multiple times a week,Beauty and Personal Care;Clothing and Fashion,Sometimes,Few times a week,Keyword,Multiple pages,1,Maybe,Often,Found a better price elsewhere,Sometimes,No,Heavily,Sometimes,1,Yes,2,1,Competitive prices,Customer service responsiveness,2.0,1.0,,1.0,3.0,4.0,2023-06-08 17:57:34-05:30,2023,6,8,17,3,0.8325420109207825,0.0334094529218143,0.0334796175875253,0.0336050827375797,0.0335318331916511,0.0334320026406467,0.0868156385412483,0.9131843614587516,0.1666824542265414,0.8333175457734585,1,-1,1,1
2023/06/08 5:58:03 PM GMT+5:30,18,Male,Once a week,Clothing and Fashion;Home and Kitchen,Sometimes,Few times a week,categories,Multiple pages,2,No,Often,others,Often,No,Moderately,Sometimes,3,Sometimes,3,3,Product recommendations,Reducing packaging waste,3.0,2.0,3.0,3.0,4.0,4.0,2023-06-08 17:58:03-05:30,2023,6,8,17,3,0.0335681030317694,0.0338307216278545,0.0335968465857547,0.8320488292250329,0.0335092727475927,0.0334462267819956,0.6183487466931364,0.3816512533068635,0.5,0.5,0,-1,0,0
2023/06/08 5:58:43 PM GMT+5:30,45,Female,Multiple times a week,Beauty and Personal Care;Clothing and Fashion;Home and Kitchen,No,Few times a month,categories,First page,3,Maybe,Never,High shipping costs,Sometimes,No,Occasionally,No,3,No,2,3,Product recommendations,Reducing packaging waste,2.0,3.0,,3.0,3.0,1.0,2023-06-08 17:58:43-05:30,2023,6,8,17,3,0.8317953298242866,0.0339704909361232,0.0334798472067879,0.0337915511280558,0.0335305864256103,0.0334321944791358,0.3414092851526727,0.6585907148473272,0.1250428283408851,0.8749571716591149,0,-1,0,0
2023/06/08 6:00:06 PM GMT+5:30,32,Female,Once a week,Groceries and Gourmet Food;Beauty and Personal Care;Clothing and Fashion;Home and Kitchen;others,Sometimes,Few times a week,Filter,Multiple pages,2,Maybe,Often,Found a better price elsewhere,Sometimes,Yes,Occasionally,No,2,No,3,2,Product recommendations,Customer service responsiveness,3.0,2.0,,2.0,3.0,4.0,2023-06-08 18:00:06-05:30,2023,6,8,18,3,0.7902882512030339,0.0417978716540536,0.0419770453535829,0.0420901879507208,0.0420096309445874,0.0418370128940211,0.562945602628819,0.437054397371181,0.1666824542265414,0.8333175457734585,1,-1,0,0
2023/06/08 6:00:50 PM GMT+5:30,35,Female,Multiple times a week,Clothing and Fashion;Home and Kitchen,No,Few times a month,categories,First page,4,Maybe,Sometimes,Changed my mind or no longer need the item,Often,No,Occasionally,Sometimes,3,No,3,4,Product recommendations,Customer service responsiveness,3.0,4.0,,4.0,4.0,3.0,2023-06-08 18:00:50-05:30,2023,6,8,18,3,0.8324630937803704,0.0334444427748828,0.0335587085156137,0.0335713933953538,0.0335303299632059,0.0334320315705732,0.6183487466931364,0.3816512533068635,0.9166431756145148,0.083356824385485,0,-1,0,0
2023/06/08 6:01:33 PM GMT+5:30,52,Male,Multiple times a week,Groceries and Gourmet Food;Beauty and Personal Care;others,Yes,Few times a week,Keyword,Multiple pages,2,Maybe,Always,Found a better price elsewhere,Always,Yes,Moderately,Sometimes,3,Sometimes,1,1,User-friendly website/app interface,Shipping speed and reliability,1.0,2.0,3.0,1.0,5.0,5.0,2023-06-08 18:01:33-05:30,2023,6,8,18,3,0.03351502168518,0.0334202769296153,0.0334788324534198,0.8324054039182113,0.0337343602697326,0.0334461047438406,0.5289709476808155,0.4710290523191844,0.1666824542265414,0.8333175457734585,1,-1,0,1
2023/06/08 7:46:31 PM GMT+5:30,28,Female,Once a week,Beauty and Personal Care;Clothing and Fashion;Home and Kitchen,No,Few times a week,Keyword,First page,2,Yes,Often,Found a better price elsewhere,Sometimes,No,Moderately,Yes,2,No,3,2,Wide product selection,Product quality and accuracy,3.0,2.0,,2.0,3.0,4.0,2023-06-08 19:46:31-05:30,2023,6,8,19,3,0.0336566012377178,0.0334087780245315,0.8315616716375126,0.0337577055908917,0.0338328641783243,0.0337823793310219,0.3414092851526727,0.6585907148473272,0.1666824542265414,0.8333175457734585,1,-1,0,1
2023/06/08 7:50:55 PM GMT+5:30,33,Female,Multiple times a week,Beauty and Personal Care;Clothing and Fashion;Home and Kitchen,No,Multiple times a day,Keyword,Multiple pages,2,Yes,Often,Found a better price elsewhere,Sometimes,No,Moderately,Yes,2,Yes,2,2,User-friendly website/app interface,Product quality and accuracy,2.0,2.0,,2.0,3.0,4.0,2023-06-08 19:50:55-05:30,2023,6,8,19,3,0.4367876267116913,0.0334955863088171,0.0335955425849026,0.0335940374614466,0.4289497395381199,0.0335774673950221,0.3414092851526727,0.6585907148473272,0.1666824542265414,0.8333175457734585,1,-1,1,1
2023/06/08 9:40:50 PM GMT+5:30,34,Female,Once a week,Home and Kitchen,No,Few times a week,Filter,Multiple pages,3,No,Sometimes,Changed my mind or no longer need the item,Sometimes,No,Moderately,Yes,2,Sometimes,2,2,Competitive prices,Reducing packaging waste,2.0,3.0,3.0,2.0,3.0,3.0,2023-06-08 21:40:50-05:30,2023,6,8,21,3,0.5730452312236711,0.0334703490210225,0.0335855699765252,0.0336658598510057,0.0335978804760519,0.2926351094517235,0.8326462361431456,0.1673537638568543,0.9166431756145148,0.083356824385485,1,-1,0,0
2023/06/08 10:38:51 PM GMT+5:30,44,Male,Once a week,Beauty and Personal Care,Sometimes,Few times a week,categories,First page,3,Maybe,Sometimes,Changed my mind or no longer need the item,Sometimes,Yes,Occasionally,Sometimes,3,Sometimes,3,3,Product recommendations,Reducing packaging waste,3.0,3.0,3.0,3.0,3.0,3.0,2023-06-08 22:38:51-05:30,2023,6,8,22,3,0.0279465997349253,0.0281255024224334,0.4682943818097129,0.0280670404621611,0.4197175926977873,0.0278488828729796,0.1273542546663209,0.8726457453336791,0.9166431756145148,0.083356824385485,0,-1,0,0
2023/06/08 10:39:27 PM GMT+5:30,23,Female,Once a week,Beauty and Personal Care;Clothing and Fashion;Home and Kitchen,Sometimes,Few times a week,Filter,Multiple pages,2,Maybe,Sometimes,Changed my mind or no longer need the item,Rarely,Yes,Moderately,Sometimes,2,No,2,1,Wide product selection,Customer service responsiveness,2.0,2.0,,1.0,2.0,3.0,2023-06-08 22:39:27-05:30,2023,6,8,22,3,0.0280687306791827,0.028040611047471,0.027956171293165,0.4015087193685209,0.4864434582225085,0.0279823093891517,0.3414092851526727,0.6585907148473272,0.9166431756145148,0.083356824385485,1,-1,0,1
2023/06/08 10:40:33 PM GMT+5:30,34,Female,Once a week,Beauty and Personal Care,Sometimes,Few times a month,Keyword,Multiple pages,4,Maybe,Often,Found a better price elsewhere,Sometimes,Yes,Occasionally,Sometimes,3,No,2,2,Product recommendations,Reducing packaging waste,2.0,4.0,,2.0,3.0,4.0,2023-06-08 22:40:33-05:30,2023,6,8,22,3,0.0279150647545721,0.0281000611969824,0.0278827532714582,0.6536392404663962,0.0281128934078844,0.2343499869027066,0.1273542546663209,0.8726457453336791,0.1666824542265414,0.8333175457734585,0,-1,0,0
2023/06/08 10:41:11 PM GMT+5:30,23,Female,Once a week,Beauty and Personal Care;Clothing and Fashion,Yes,Multiple times a day,Filter,First page,3,No,Often,Found a better price elsewhere,Often,Yes,Occasionally,No,3,Yes,1,4,Competitive prices,Reducing packaging waste,1.0,3.0,,4.0,4.0,4.0,2023-06-08 22:41:11-05:30,2023,6,8,22,3,0.0279111613192388,0.028092438050137,0.0278976739171267,0.0279678063141497,0.8601990972870867,0.027931823112261,0.0868156385412483,0.9131843614587516,0.1666824542265414,0.8333175457734585,0,-1,1,1
2023/06/09 9:31:57 AM GMT+5:30,21,Female,Once a week,Beauty and Personal Care;Clothing and Fashion;others,No,Few times a week,Filter,Multiple pages,4,Yes,Often,High shipping costs,Always,Yes,Heavily,Yes,3,Yes,3,3,Product recommendations,Reducing packaging waste,3.0,4.0,,3.0,5.0,4.0,2023-06-09 09:31:57-05:30,2023,6,9,9,4,0.4411732054287952,0.041738507708937,0.3916389326704638,0.041928325408259,0.0417670466792288,0.041753982104316,0.0868156385412483,0.9131843614587516,0.1250428283408851,0.8749571716591149,0,-1,0,1
2023/06/09 9:34:07 AM GMT+5:30,21,Female,Once a week,Beauty and Personal Care,Sometimes,Few times a month,Filter,Multiple pages,2,Maybe,Often,Found a better price elsewhere,Often,No,Occasionally,No,2,Sometimes,2,2,Competitive prices,Customer service responsiveness,2.0,2.0,3.0,2.0,4.0,4.0,2023-06-09 09:34:07-05:30,2023,6,9,9,4,0.4419588626831852,0.0421027332137214,0.3906988380797487,0.0418185669499648,0.0416670878566191,0.0417539112167607,0.1273542546663209,0.8726457453336791,0.1666824542265414,0.8333175457734585,1,-1,0,0
2023/06/09 9:34:44 AM GMT+5:30,23,Female,Once a week,Clothing and Fashion,Yes,Few times a week,categories,First page,3,Maybe,Often,Found a better price elsewhere,Sometimes,Yes,Moderately,Yes,2,Sometimes,2,2,Product recommendations,Reducing packaging waste,2.0,3.0,3.0,2.0,3.0,4.0,2023-06-09 09:34:44-05:30,2023,6,9,9,4,0.7911992517954473,0.0418092804855795,0.0417993611336947,0.041788599550902,0.0416667157860912,0.041736791248285,0.1801228724025039,0.8198771275974961,0.1666824542265414,0.8333175457734585,1,-1,0,0
2023/06/09 9:35:19 AM GMT+5:30,21,Female,Once a week,Groceries and Gourmet Food;Beauty and Personal Care;Home and Kitchen,Yes,Few times a month,Keyword,First page,2,No,Sometimes,Changed my mind or no longer need the item,Rarely,Yes,Moderately,Yes,3,Sometimes,1,1,Product recommendations,Reducing packaging waste,1.0,2.0,3.0,1.0,2.0,3.0,2023-06-09 09:35:19-05:30,2023,6,9,9,4,0.7910226269319653,0.0417507027275428,0.0419166960538318,0.0417885794488158,0.0417589746399955,0.0417624201978488,0.646902633486684,0.353097366513316,0.9166431756145148,0.083356824385485,1,-1,0,0
2023/06/09 9:37:44 AM GMT+5:30,23,Female,Once a week,Clothing and Fashion,Sometimes,Few times a month,Filter,Multiple pages,3,Maybe,Sometimes,Changed my mind or no longer need the item,Sometimes,No,Occasionally,Sometimes,2,No,4,3,Product recommendations,Customer service responsiveness,4.0,3.0,,3.0,3.0,3.0,2023-06-09 09:37:44-05:30,2023,6,9,9,4,0.791199291071208,0.0418092726077481,0.0417993547302565,0.0417885923185252,0.0416667088282249,0.041736780444037,0.1801228724025039,0.8198771275974961,0.9166431756145148,0.083356824385485,0,-1,0,0
2023/06/09 9:38:31 AM GMT+5:30,21,Female,Once a week,Groceries and Gourmet Food;Clothing and Fashion;others,Sometimes,Few times a month,categories,Multiple pages,3,Maybe,Sometimes,Found a better price elsewhere,Sometimes,No,Moderately,Sometimes,3,Sometimes,3,4,Product recommendations,Reducing packaging waste,3.0,3.0,3.0,4.0,3.0,3.0,2023-06-09 09:38:31-05:30,2023,6,9,9,4,0.041886900061205,0.0417403882055597,0.7910238448657876,0.0418229339867266,0.041769670183428,0.0417562626972929,0.7353452585372685,0.2646547414627315,0.1666824542265414,0.8333175457734585,0,-1,0,0
2023/06/09 10:22:03 AM GMT+5:30,35,Prefer not to say,Once a week,Groceries and Gourmet Food,No,Few times a week,Filter,Multiple pages,2,Maybe,Sometimes,Changed my mind or no longer need the item,Sometimes,No,Occasionally,Sometimes,4,Sometimes,3,2,Competitive prices,Customer service responsiveness,3.0,2.0,3.0,2.0,3.0,3.0,2023-06-09 10:22:03-05:30,2023,6,9,10,4,0.0334707906585129,0.033836136082578,0.0335567090616709,0.8322130383581124,0.0335332544554882,0.0333900713836371,0.8749670464993454,0.1250329535006545,0.9166431756145148,0.083356824385485,0,-1,0,0
2023/06/09 10:23:05 AM GMT+5:30,23,Female,Once a week,Clothing and Fashion,No,Few times a month,categories,Multiple pages,2,Yes,Often,Found a better price elsewhere,Often,No,Occasionally,Yes,1,Sometimes,4,2,Product recommendations,Reducing packaging waste,4.0,2.0,3.0,2.0,4.0,4.0,2023-06-09 10:23:05-05:30,2023,6,9,10,4,0.0335232765782566,0.0336978695737199,0.0334898094861331,0.8322688100118727,0.0335929602620338,0.0334272740879835,0.1801228724025039,0.8198771275974961,0.1666824542265414,0.8333175457734585,1,-1,0,0
2023/06/09 10:25:27 AM GMT+5:30,44,Female,Once a week,Clothing and Fashion,Sometimes,Few times a week,categories,Multiple pages,3,Maybe,Rarely,Changed my mind or no longer need the item,Sometimes,Yes,Occasionally,Sometimes,3,Sometimes,4,4,Product recommendations,Reducing packaging waste,4.0,3.0,3.0,4.0,3.0,2.0,2023-06-09 10:25:27-05:30,2023,6,9,10,4,0.033512588164214,0.0339306974070213,0.0334981827319469,0.5141403454427371,0.0336945147986022,0.3512236714554781,0.1801228724025039,0.8198771275974961,0.9166431756145148,0.083356824385485,0,-1,0,0
2023/06/09 10:26:01 AM GMT+5:30,34,Male,Once a week,Clothing and Fashion,Sometimes,Few times a month,categories,Multiple pages,4,Maybe,Often,others,Often,No,Moderately,Sometimes,2,Sometimes,3,2,Competitive prices,Reducing packaging waste,3.0,4.0,3.0,2.0,4.0,4.0,2023-06-09 10:26:01-05:30,2023,6,9,10,4,0.0337837467789337,0.5902770051566506,0.0337137568863943,0.0339579770578082,0.2747117816438075,0.0335557324764055,0.1801228724025039,0.8198771275974961,0.5,0.5,0,-1,0,0
2023/06/09 10:30:39 AM GMT+5:30,23,Female,Multiple times a week,Beauty and Personal Care,No,Few times a week,categories,Multiple pages,3,Maybe,Sometimes,Changed my mind or no longer need the item,Sometimes,Yes,Occasionally,Sometimes,3,Sometimes,3,2,Competitive prices,Product quality and accuracy,3.0,3.0,3.0,2.0,3.0,3.0,2023-06-09 10:30:39-05:30,2023,6,9,10,4,0.3452234986024753,0.4868152565804976,0.041999413595578,0.0420154193425922,0.0421475142573486,0.0417988976215082,0.1273542546663209,0.8726457453336791,0.9166431756145148,0.083356824385485,0,-1,0,0
2023/06/09 12:22:47 PM GMT+5:30,34,Prefer not to say,Once a week,Clothing and Fashion,Sometimes,Few times a month,categories,First page,3,Maybe,Sometimes,Changed my mind or no longer need the item,Sometimes,No,Occasionally,Sometimes,2,Sometimes,2,3,Product recommendations,Customer service responsiveness,2.0,3.0,3.0,3.0,3.0,3.0,2023-06-09 12:22:47-05:30,2023,6,9,12,4,0.0279437693577481,0.0279073818377505,0.0281676239299667,0.8601602816632504,0.0278458166721181,0.0279751265391661,0.1801228724025039,0.8198771275974961,0.9166431756145148,0.083356824385485,0,-1,0,0
2023/06/09 2:23:03 PM GMT+5:30,23,Female,Once a week,Beauty and Personal Care,Sometimes,Few times a month,categories,Multiple pages,2,Maybe,Sometimes,Changed my mind or no longer need the item,Sometimes,No,Occasionally,Sometimes,2,Sometimes,4,3,Product recommendations,Reducing packaging waste,4.0,2.0,3.0,3.0,3.0,3.0,2023-06-09 14:23:03-05:30,2023,6,9,14,4,0.0335891939541887,0.033566584724241,0.0337419285310699,0.8321595403775291,0.0334375431888928,0.0335052092240783,0.1273542546663209,0.8726457453336791,0.9166431756145148,0.083356824385485,0,-1,0,0
2023/06/09 2:23:45 PM GMT+5:30,23,Female,Once a week,Beauty and Personal Care;Home and Kitchen,Sometimes,Few times a week,categories,First page,1,Maybe,Sometimes,Found a better price elsewhere,Always,Yes,Moderately,Sometimes,3,Sometimes,4,1,Product recommendations,Reducing packaging waste,4.0,1.0,3.0,1.0,5.0,3.0,2023-06-09 14:23:45-05:30,2023,6,9,14,4,0.0335892011524412,0.0334683966326321,0.0336136301859905,0.8323861776119423,0.033437481539259,0.0335051128777346,0.4322740400109385,0.5677259599890614,0.1666824542265414,0.8333175457734585,1,-1,0,0
2023/06/09 2:36:46 PM GMT+5:30,34,Prefer not to say,Once a week,Beauty and Personal Care,Sometimes,Few times a month,categories,Multiple pages,2,Maybe,Sometimes,Found a better price elsewhere,Often,No,Occasionally,Sometimes,3,Sometimes,2,3,Product recommendations,Customer service responsiveness,2.0,2.0,3.0,3.0,4.0,3.0,2023-06-09 14:36:46-05:30,2023,6,9,14,4,0.0335618116167273,0.0334528859072966,0.8319810837484464,0.0335122199724165,0.0336400511239949,0.0338519476311184,0.1273542546663209,0.8726457453336791,0.1666824542265414,0.8333175457734585,0,-1,0,0
2023/06/09 2:39:47 PM GMT+5:30,34,Female,Once a week,Beauty and Personal Care,Sometimes,Few times a week,categories,Multiple pages,2,Maybe,Sometimes,Changed my mind or no longer need the item,Sometimes,Yes,Occasionally,Sometimes,3,Sometimes,3,2,Product recommendations,Customer service responsiveness,3.0,2.0,3.0,2.0,3.0,3.0,2023-06-09 14:39:47-05:30,2023,6,9,14,4,0.4842078781261755,0.0336830752029849,0.0336942128818479,0.3813097235358165,0.0336054651817266,0.0334996450714482,0.1273542546663209,0.8726457453336791,0.9166431756145148,0.083356824385485,0,-1,0,0
2023/06/09 2:42:24 PM GMT+5:30,34,Others,Once a week,Beauty and Personal Care,Sometimes,Rarely,categories,Multiple pages,2,Maybe,Often,Found a better price elsewhere,Often,Yes,Moderately,Sometimes,2,Yes,3,2,Competitive prices,Customer service responsiveness,3.0,2.0,,2.0,4.0,4.0,2023-06-09 14:42:24-05:30,2023,6,9,14,4,0.0336965844876532,0.0336286195775083,0.0335899209215827,0.8321420631204609,0.0334375635480944,0.0335052483447003,0.1273542546663209,0.8726457453336791,0.1666824542265414,0.8333175457734585,1,-1,0,0
2023/06/09 3:00:03 PM GMT+5:30,56,Prefer not to say,Once a week,Clothing and Fashion,Sometimes,Few times a month,categories,Multiple pages,3,Maybe,Sometimes,Changed my mind or no longer need the item,Sometimes,Yes,Occasionally,Sometimes,3,Sometimes,3,3,Product recommendations,Customer service responsiveness,3.0,3.0,3.0,3.0,3.0,3.0,2023-06-09 15:00:03-05:30,2023,6,9,15,4,0.0339355371969024,0.0335392118216841,0.8320108944254416,0.033605557098762,0.0334236597566984,0.0334851397005112,0.1801228724025039,0.8198771275974961,0.9166431756145148,0.083356824385485,0,-1,0,0
2023/06/09 3:16:30 PM GMT+5:30,23,Prefer not to say,Once a week,Clothing and Fashion,Sometimes,Few times a month,categories,Multiple pages,3,Maybe,Sometimes,Changed my mind or no longer need the item,Sometimes,Yes,Heavily,Sometimes,3,Sometimes,3,3,Product recommendations,Customer service responsiveness,3.0,3.0,3.0,3.0,3.0,3.0,2023-06-09 15:16:30-05:30,2023,6,9,15,4,0.0425115301382564,0.788941071703156,0.0423187244159142,0.0422482142643902,0.0418709314744869,0.0421095280037961,0.1801228724025039,0.8198771275974961,0.9166431756145148,0.083356824385485,0,-1,0,0
2023/06/09 3:18:25 PM GMT+5:30,56,Female,Multiple times a week,Beauty and Personal Care;Home and Kitchen,Sometimes,Few times a week,categories,Multiple pages,3,Maybe,Sometimes,Found a better price elsewhere,Sometimes,Yes,Moderately,Sometimes,3,Sometimes,3,3,Product recommendations,Customer service responsiveness,3.0,3.0,3.0,3.0,3.0,3.0,2023-06-09 15:18:25-05:30,2023,6,9,15,4,0.0337001182644859,0.0334925766744516,0.0336300749210144,0.0335980609334641,0.0334243772509823,0.8321547919556015,0.4322740400109385,0.5677259599890614,0.1666824542265414,0.8333175457734585,0,-1,0,0
2023/06/09 3:22:15 PM GMT+5:30,56,Female,Once a week,Beauty and Personal Care;Clothing and Fashion;others,Sometimes,Few times a week,categories,Multiple pages,3,Yes,Sometimes,Found a better price elsewhere,Sometimes,Yes,Moderately,No,4,Sometimes,3,3,Product recommendations,Reducing packaging waste,3.0,3.0,3.0,3.0,3.0,3.0,2023-06-09 15:22:15-05:30,2023,6,9,15,4,0.0335932910790676,0.033535626806811,0.0335598529344796,0.8323215397896997,0.0334375379743898,0.0335521514155521,0.0868156385412483,0.9131843614587516,0.1666824542265414,0.8333175457734585,0,-1,0,0
2023/06/09 4:29:50 PM GMT+5:30,33,Prefer not to say,Once a week,Beauty and Personal Care,No,Few times a month,categories,Multiple pages,1,No,Rarely,Changed my mind or no longer need the item,Often,Yes,Moderately,No,2,Yes,2,2,Competitive prices,Product quality and accuracy,2.0,1.0,,2.0,4.0,2.0,2023-06-09 16:29:50-05:30,2023,6,9,16,4,0.0338241026510516,0.0335342086222161,0.8322207374714861,0.0335121820101567,0.0334236486952873,0.0334851205498019,0.1273542546663209,0.8726457453336791,0.9166431756145148,0.083356824385485,1,-1,0,0
2023/06/09 4:30:15 PM GMT+5:30,34,Female,Once a week,Beauty and Personal Care,Sometimes,Few times a week,Filter,Multiple pages,2,Yes,Often,Found a better price elsewhere,Often,Yes,Moderately,Sometimes,2,Sometimes,2,1,Competitive prices,Reducing packaging waste,2.0,2.0,3.0,1.0,4.0,4.0,2023-06-09 16:30:15-05:30,2023,6,9,16,4,0.042115422017742,0.04198377997642,0.0420598513906313,0.7899496610647667,0.0418465499668804,0.0420447355835594,0.1273542546663209,0.8726457453336791,0.1666824542265414,0.8333175457734585,1,-1,0,0
2023/06/09 4:30:40 PM GMT+5:30,45,Prefer not to say,Once a week,Beauty and Personal Care,Sometimes,Few times a month,categories,First page,3,Maybe,Sometimes,Found a better price elsewhere,Often,Yes,Heavily,Sometimes,4,Sometimes,3,3,Competitive prices,Customer service responsiveness,3.0,3.0,3.0,3.0,4.0,3.0,2023-06-09 16:30:40-05:30,2023,6,9,16,4,0.0422932499589738,0.0419427114209764,0.0421821640712459,0.0421278057805839,0.0418237543949332,0.7896303143732866,0.1273542546663209,0.8726457453336791,0.1666824542265414,0.8333175457734585,0,-1,0,0
2023/06/09 4:31:33 PM GMT+5:30,34,Female,Once a week,Clothing and Fashion,No,Few times a week,categories,First page,2,Maybe,Often,Changed my mind or no longer need the item,Sometimes,Yes,Heavily,Sometimes,2,Sometimes,2,3,Competitive prices,Customer service responsiveness,2.0,2.0,3.0,3.0,3.0,4.0,2023-06-09 16:31:33-05:30,2023,6,9,16,4,0.0335956787853506,0.0334708894090388,0.4586972747244288,0.4072419186562344,0.0334860149365326,0.0335082234884145,0.1801228724025039,0.8198771275974961,0.9166431756145148,0.083356824385485,1,-1,0,0
2023/06/09 4:32:28 PM GMT+5:30,34,Female,Once a week,Beauty and Personal Care,Sometimes,Few times a week,categories,Multiple pages,3,Maybe,Always,Found a better price elsewhere,Sometimes,Yes,Moderately,Sometimes,3,Sometimes,3,4,Product recommendations,Reducing packaging waste,3.0,3.0,3.0,4.0,3.0,5.0,2023-06-09 16:32:28-05:30,2023,6,9,16,4,0.832644918897657,0.0334441473863438,0.0335171380276779,0.0334943626485511,0.0334245536808573,0.0334748793589127,0.1273542546663209,0.8726457453336791,0.1666824542265414,0.8333175457734585,0,-1,0,0
2023/06/09 7:24:06 PM GMT+5:30,23,Prefer not to say,Multiple times a week,Beauty and Personal Care;Clothing and Fashion,Sometimes,Few times a week,categories,Multiple pages,3,Maybe,Sometimes,Found a better price elsewhere,Sometimes,Yes,Occasionally,Sometimes,3,Yes,3,3,Competitive prices,Reducing packaging waste,3.0,3.0,,3.0,3.0,3.0,2023-06-09 19:24:06-05:30,2023,6,9,19,4,0.0421141523861257,0.0419005330257244,0.0421281911685022,0.7900456384717814,0.0418465669388657,0.0419649180090002,0.0868156385412483,0.9131843614587516,0.1666824542265414,0.8333175457734585,0,-1,0,0
2023/06/09 7:24:57 PM GMT+5:30,42,Female,Once a week,Clothing and Fashion,Sometimes,Few times a week,categories,Multiple pages,3,Maybe,Sometimes,Changed my mind or no longer need the item,Never,Yes,Occasionally,Sometimes,3,Sometimes,3,3,Product recommendations,Customer service responsiveness,3.0,3.0,3.0,3.0,1.0,3.0,2023-06-09 19:24:57-05:30,2023,6,9,19,4,0.0340338213813791,0.0334685733057159,0.0335899925393808,0.8319596706927024,0.0334425932936604,0.0335053487871611,0.1801228724025039,0.8198771275974961,0.9166431756145148,0.083356824385485,0,-1,0,0
2023/06/09 7:26:02 PM GMT+5:30,23,Prefer not to say,Once a week,Clothing and Fashion,Sometimes,Few times a month,Keyword,Multiple pages,3,Maybe,Sometimes,Changed my mind or no longer need the item,Sometimes,Yes,Occasionally,Sometimes,4,Sometimes,3,3,Product recommendations,Shipping speed and reliability,3.0,3.0,3.0,3.0,3.0,3.0,2023-06-09 19:26:02-05:30,2023,6,9,19,4,0.0336825239639017,0.0339195764932112,0.0337084061779592,0.0335973730554191,0.0334244541553414,0.8316676661541671,0.1801228724025039,0.8198771275974961,0.9166431756145148,0.083356824385485,0,-1,0,0
2023/06/09 7:27:00 PM GMT+5:30,23,Prefer not to say,Multiple times a week,Beauty and Personal Care,Sometimes,Few times a month,categories,Multiple pages,3,Maybe,Always,Changed my mind or no longer need the item,Sometimes,Yes,Never,Sometimes,3,Sometimes,3,3,Wide product selection,Customer service responsiveness,3.0,3.0,3.0,3.0,3.0,5.0,2023-06-09 19:27:00-05:30,2023,6,9,19,4,0.4858230255208433,0.0334637164048121,0.0336672098264632,0.3798914600994555,0.033438236788721,0.0337163513597046,0.1273542546663209,0.8726457453336791,0.9166431756145148,0.083356824385485,0,-1,0,1
2023/06/10 10:49:42 AM GMT+5:30,40,Male,Multiple times a week,Beauty and Personal Care;Clothing and Fashion;Home and Kitchen,No,Few times a week,Keyword,Multiple pages,1,Yes,Sometimes,Found a better price elsewhere,Often,Yes,Heavily,Yes,2,Yes,2,1,Wide product selection,Product quality and accuracy,2.0,1.0,,1.0,4.0,3.0,2023-06-10 10:49:42-05:30,2023,6,10,10,5,0.0333891325309362,0.8326126642788549,0.0337206216048264,0.0334694760473584,0.0334746716884892,0.0333334338495346,0.3414092851526727,0.6585907148473272,0.1666824542265414,0.8333175457734585,1,-1,0,1
2023/06/10 2:41:51 PM GMT+5:30,23,Female,Multiple times a week,Clothing and Fashion,Sometimes,Few times a month,categories,Multiple pages,3,Maybe,Sometimes,Changed my mind or no longer need the item,Sometimes,No,Heavily,Sometimes,3,Sometimes,3,3,Product recommendations,Reducing packaging waste,3.0,3.0,3.0,3.0,3.0,3.0,2023-06-10 14:41:51-05:30,2023,6,10,14,5,0.0334454309337796,0.0338736159975956,0.3391366323062683,0.0335187420329268,0.5265798143765968,0.0334457643528327,0.1801228724025039,0.8198771275974961,0.9166431756145148,0.083356824385485,0,-1,0,0
2023/06/11 10:43:19 PM GMT+5:30,45,Female,Once a week,Beauty and Personal Care,Sometimes,Few times a month,categories,First page,3,Maybe,Rarely,Changed my mind or no longer need the item,Rarely,Yes,Moderately,Sometimes,3,Sometimes,1,1,Competitive prices,Reducing packaging waste,1.0,3.0,3.0,1.0,2.0,2.0,2023-06-11 22:43:19-05:30,2023,6,11,22,6,0.426538858354183,0.4617564229630208,0.0278567183630465,0.0278942895852557,0.0280149922358436,0.0279387184986501,0.1273542546663209,0.8726457453336791,0.9166431756145148,0.083356824385485,1,-1,0,0
2023/06/11 10:50:44 PM GMT+5:30,25,Male,Once a week,Beauty and Personal Care;Clothing and Fashion;Home and Kitchen;others,No,Few times a month,Keyword,Multiple pages,3,Maybe,Often,Found a better price elsewhere,Sometimes,No,Heavily,Sometimes,3,No,2,2,Product recommendations,Customer service responsiveness,2.0,3.0,,2.0,3.0,4.0,2023-06-11 22:50:44-05:30,2023,6,11,22,6,0.0282155648004907,0.8601285309632077,0.0279463153673777,0.0278740462144691,0.0279342093797022,0.0279013332747525,0.3414092851526727,0.6585907148473272,0.1666824542265414,0.8333175457734585,1,-1,0,0
2023/06/11 10:56:58 PM GMT+5:30,21,Others,Multiple times a week,Groceries and Gourmet Food;Beauty and Personal Care;Clothing and Fashion;Home and Kitchen,No,Few times a month,categories,First page,4,No,Rarely,Changed my mind or no longer need the item,Sometimes,No,Never,No,5,No,5,4,Product recommendations,Product quality and accuracy,5.0,4.0,,4.0,3.0,2.0,2023-06-11 22:56:58-05:30,2023,6,11,22,6,0.0278819560172624,0.5945940577382223,0.0279343495296631,0.2936958715304157,0.0279689414098747,0.0279248237745617,0.562945602628819,0.437054397371181,0.9166431756145148,0.083356824385485,0,-1,0,0
2023/06/11 11:00:11 PM GMT+5:30,28,Female,Once a week,Groceries and Gourmet Food;Beauty and Personal Care;Clothing and Fashion;Home and Kitchen;others,Sometimes,Multiple times a day,others,Multiple pages,4,No,Rarely,Changed my mind or no longer need the item,Sometimes,No,Occasionally,Sometimes,3,Sometimes,3,4,Product recommendations,Reducing packaging waste,3.0,4.0,3.0,4.0,3.0,2.0,2023-06-11 23:00:11-05:30,2023,6,11,23,6,0.2390803201376185,0.6490858103913726,0.02796221320569,0.0278506996009076,0.0279877757429719,0.0280331809214392,0.562945602628819,0.437054397371181,0.9166431756145148,0.083356824385485,0,-1,0,0
2023/06/11 11:07:31 PM GMT+5:30,25,Female,Multiple times a week,Beauty and Personal Care;Clothing and Fashion;Home and Kitchen,Yes,Few times a week,Keyword,Multiple pages,3,No,Often,Found a better price elsewhere,Often,No,Occasionally,Yes,2,No,2,2,Product recommendations,Customer service responsiveness,2.0,3.0,,2.0,4.0,4.0,2023-06-11 23:07:31-05:30,2023,6,11,23,6,0.027858357970175,0.5647826288074218,0.3235132047873916,0.0278483302874015,0.0280069915162581,0.0279904866313518,0.3414092851526727,0.6585907148473272,0.1666824542265414,0.8333175457734585,1,-1,0,0
2023/06/11 11:16:58 PM GMT+5:30,21,Male,Multiple times a week,Beauty and Personal Care;Clothing and Fashion;Home and Kitchen,Sometimes,Rarely,Keyword,Multiple pages,5,Maybe,Sometimes,Found a better price elsewhere,Often,Yes,Moderately,Yes,1,Yes,2,1,Competitive prices,Reducing packaging waste,2.0,5.0,,1.0,4.0,3.0,2023-06-11 23:16:58-05:30,2023,6,11,23,6,0.0278742467006081,0.8605239325267956,0.0278617062820536,0.0278769971787765,0.0279186097445467,0.0279445075672193,0.3414092851526727,0.6585907148473272,0.1666824542265414,0.8333175457734585,1,-1,0,1
2023/06/11 11:18:35 PM GMT+5:30,36,Female,Multiple times a week,Groceries and Gourmet Food;Beauty and Personal Care;Clothing and Fashion;Home and Kitchen;others,Sometimes,Multiple times a day,categories,Multiple pages,3,Maybe,Sometimes,Changed my mind or no longer need the item,Often,No,Occasionally,Sometimes,2,No,2,2,User-friendly website/app interface,Customer service responsiveness,2.0,3.0,,2.0,4.0,3.0,2023-06-11 23:18:35-05:30,2023,6,11,23,6,0.0283220747517089,0.028054174132378,0.0281477211517719,0.0278341109341176,0.0282480367103993,0.859393882319624,0.562945602628819,0.437054397371181,0.9166431756145148,0.083356824385485,1,-1,0,0
2023/06/11 11:21:30 PM GMT+5:30,36,Female,Once a week,Groceries and Gourmet Food;Beauty and Personal Care;Clothing and Fashion,No,Few times a month,categories,Multiple pages,1,No,Often,High shipping costs,Often,Yes,Moderately,Sometimes,1,Sometimes,1,2,Wide product selection,Product quality and accuracy,1.0,1.0,3.0,2.0,4.0,4.0,2023-06-11 23:21:30-05:30,2023,6,11,23,6,0.0334396176582143,0.0339123104576249,0.033440773566996,0.0334263685427182,0.8320727647732075,0.0337081650012388,0.438176088948605,0.561823911051395,0.1250428283408851,0.8749571716591149,1,-1,1,1
2023/06/11 11:22:55 PM GMT+5:30,34,Female,Multiple times a week,Groceries and Gourmet Food;Beauty and Personal Care;Clothing and Fashion,No,Few times a week,categories,Multiple pages,4,Maybe,Always,High shipping costs,Often,Yes,Occasionally,Yes,1,Yes,1,1,Competitive prices,Customer service responsiveness,1.0,4.0,,1.0,4.0,5.0,2023-06-11 23:22:55-05:30,2023,6,11,23,6,0.0278637746830696,0.3920871458735771,0.0278646965508955,0.1466965988240181,0.377373169965073,0.0281146141033664,0.438176088948605,0.561823911051395,0.1250428283408851,0.8749571716591149,1,-1,0,1
2023/06/11 11:25:48 PM GMT+5:30,43,Female,Multiple times a week,Beauty and Personal Care;Clothing and Fashion;Home and Kitchen,Sometimes,Few times a week,Filter,Multiple pages,3,No,Sometimes,Found a better price elsewhere,Sometimes,No,Moderately,Sometimes,3,Sometimes,2,2,Competitive prices,Customer service responsiveness,2.0,3.0,3.0,2.0,3.0,3.0,2023-06-11 23:25:48-05:30,2023,6,11,23,6,0.027841880393298,0.0280598823570336,0.0278425730871139,0.0278339284457956,0.027942362432224,0.8604793732845348,0.3414092851526727,0.6585907148473272,0.1666824542265414,0.8333175457734585,1,-1,0,0
2023/06/11 11:26:21 PM GMT+5:30,56,Female,Multiple times a week,Groceries and Gourmet Food;Beauty and Personal Care;Clothing and Fashion,Sometimes,Few times a week,Filter,First page,2,No,Rarely,Changed my mind or no longer need the item,Often,Yes,Occasionally,Sometimes,3,Sometimes,3,2,Product recommendations,Product quality and accuracy,3.0,2.0,3.0,2.0,4.0,2.0,2023-06-11 23:26:21-05:30,2023,6,11,23,6,0.0278611707346684,0.5681476939079669,0.0278836432749903,0.027850787362398,0.3202591417027814,0.0279975630171946,0.438176088948605,0.561823911051395,0.9166431756145148,0.083356824385485,0,-1,0,0
2023/06/11 11:27:25 PM GMT+5:30,21,Male,Once a week,Clothing and Fashion,Sometimes,Few times a week,categories,Multiple pages,1,Maybe,Sometimes,Found a better price elsewhere,Sometimes,No,Occasionally,Sometimes,4,Sometimes,3,2,Competitive prices,Customer service responsiveness,3.0,1.0,3.0,2.0,3.0,3.0,2023-06-11 23:27:25-05:30,2023,6,11,23,6,0.0278419234399807,0.028081444355205,0.0278599596340525,0.0279183827641583,0.0279424798493642,0.8603558099572391,0.1801228724025039,0.8198771275974961,0.1666824542265414,0.8333175457734585,1,-1,0,0
2023/06/11 11:28:26 PM GMT+5:30,34,Female,Once a week,Groceries and Gourmet Food;Clothing and Fashion,No,Multiple times a day,Keyword,Multiple pages,5,No,Always,Changed my mind or no longer need the item,Sometimes,No,Never,Yes,2,No,3,2,User-friendly website/app interface,Product quality and accuracy,3.0,5.0,,2.0,3.0,5.0,2023-06-11 23:28:26-05:30,2023,6,11,23,6,0.239227135794549,0.6490989089615391,0.0278804299896422,0.0278506762538651,0.0279425740475632,0.0280002749528413,0.7353452585372685,0.2646547414627315,0.9166431756145148,0.083356824385485,0,-1,0,1
2023/06/12 9:40:22 AM GMT+5:30,34,Female,Once a week,Clothing and Fashion,No,Few times a week,Keyword,Multiple pages,2,No,Often,Changed my mind or no longer need the item,Sometimes,No,Occasionally,No,4,Sometimes,4,4,User-friendly website/app interface,Shipping speed and reliability,4.0,2.0,3.0,4.0,3.0,4.0,2023-06-12 09:40:22-05:30,2023,6,12,9,0,0.0416667579284703,0.0417321063605362,0.0421898870435613,0.3926748818552128,0.0416667563787467,0.4400696104334725,0.1801228724025039,0.8198771275974961,0.9166431756145148,0.083356824385485,0,-1,0,0
2023/06/12 2:41:58 PM GMT+5:30,45,Female,Once a week,Beauty and Personal Care,Yes,Few times a week,categories,Multiple pages,3,Maybe,Sometimes,Found a better price elsewhere,Sometimes,Yes,Occasionally,Sometimes,3,Sometimes,2,4,Product recommendations,Product quality and accuracy,2.0,3.0,3.0,4.0,3.0,3.0,2023-06-12 14:41:58-05:30,2023,6,12,14,0,0.0335286844241489,0.2782517998288556,0.5870519072218727,0.0336511360643716,0.0340040261244186,0.0335124463363323,0.1273542546663209,0.8726457453336791,0.1666824542265414,0.8333175457734585,0,-1,0,0
2023/06/12 2:49:47 PM GMT+5:30,45,Prefer not to say,Once a week,Clothing and Fashion,Sometimes,Multiple times a day,categories,Multiple pages,3,Maybe,Sometimes,Changed my mind or no longer need the item,Sometimes,Yes,Occasionally,Sometimes,4,Sometimes,3,4,Product recommendations,Product quality and accuracy,3.0,3.0,3.0,4.0,3.0,3.0,2023-06-12 14:49:47-05:30,2023,6,12,14,0,0.0334308018446132,0.0335805532316416,0.832287585311089,0.0338030783973299,0.0334236574891277,0.0334743237261982,0.1801228724025039,0.8198771275974961,0.9166431756145148,0.083356824385485,0,-1,0,0
2023/06/12 3:27:59 PM GMT+5:30,60,Male,Once a week,Beauty and Personal Care,Sometimes,Few times a month,Filter,Multiple pages,3,Maybe,Rarely,Changed my mind or no longer need the item,Sometimes,Yes,Heavily,Sometimes,3,Sometimes,3,3,Product recommendations,Customer service responsiveness,3.0,3.0,3.0,3.0,3.0,2.0,2023-06-12 15:27:59-05:30,2023,6,12,15,0,0.0334536257283908,0.0334263017892491,0.0340235903085396,0.5694977720201602,0.2958026019926841,0.033796108160976,0.1273542546663209,0.8726457453336791,0.9166431756145148,0.083356824385485,0,-1,0,0
2023/06/12 3:35:24 PM GMT+5:30,45,Female,Multiple times a week,Beauty and Personal Care,Sometimes,Few times a week,categories,Multiple pages,2,Maybe,Sometimes,High shipping costs,Sometimes,Yes,Moderately,Yes,4,Sometimes,3,4,Competitive prices,Customer service responsiveness,3.0,2.0,3.0,4.0,3.0,3.0,2023-06-12 15:35:24-05:30,2023,6,12,15,0,0.0335869335738812,0.0334087346081075,0.83215816776876,0.0338405106569006,0.0335080084021811,0.0334976449901692,0.1273542546663209,0.8726457453336791,0.1250428283408851,0.8749571716591149,0,-1,0,0
2023/06/12 3:37:14 PM GMT+5:30,12,Female,Multiple times a week,Beauty and Personal Care,Yes,Few times a week,categories,Multiple pages,3,Maybe,Sometimes,Found a better price elsewhere,Always,Yes,Moderately,Yes,3,Sometimes,4,4,Wide product selection,Customer service responsiveness,4.0,3.0,3.0,4.0,5.0,3.0,2023-06-12 15:37:14-05:30,2023,6,12,15,0,0.3019631034507349,0.0334254974582194,0.3025234303472175,0.0335599423289728,0.2949194001437469,0.0336086262711082,0.1273542546663209,0.8726457453336791,0.1666824542265414,0.8333175457734585,0,-1,0,1
2023/06/12 3:40:25 PM GMT+5:30,45,Female,Multiple times a week,Beauty and Personal Care,Yes,Few times a week,Filter,Multiple pages,3,Maybe,Often,Found a better price elsewhere,Sometimes,Yes,Moderately,Sometimes,3,Yes,3,2,Competitive prices,Customer service responsiveness,3.0,3.0,,2.0,3.0,4.0,2023-06-12 15:40:25-05:30,2023,6,12,15,0,0.0334314943391941,0.0334092649385952,0.0336896269910539,0.0334997945445861,0.0334242975765175,0.832545521610053,0.1273542546663209,0.8726457453336791,0.1666824542265414,0.8333175457734585,0,-1,0,0
2023/06/12 3:42:05 PM GMT+5:30,41,Female,Once a week,Beauty and Personal Care,Sometimes,Few times a week,categories,Multiple pages,3,Maybe,Sometimes,Found a better price elsewhere,Often,Yes,Moderately,Sometimes,4,Sometimes,3,3,Product recommendations,Product quality and accuracy,3.0,3.0,3.0,3.0,4.0,3.0,2023-06-12 15:42:05-05:30,2023,6,12,15,0,0.0335887648561157,0.0336002107089155,0.0337732849915887,0.8319262159200038,0.0334953311669542,0.0336161923564217,0.1273542546663209,0.8726457453336791,0.1666824542265414,0.8333175457734585,0,-1,0,0
2023/06/12 3:44:16 PM GMT+5:30,23,Female,Once a week,Beauty and Personal Care,Sometimes,Few times a week,Keyword,Multiple pages,3,Maybe,Often,Found a better price elsewhere,Sometimes,Yes,Moderately,Sometimes,3,Sometimes,3,3,Competitive prices,Customer service responsiveness,3.0,3.0,3.0,3.0,3.0,4.0,2023-06-12 15:44:16-05:30,2023,6,12,15,0,0.033813185452078,0.5567773070049785,0.3087856758615085,0.0335624851844744,0.0334502417392974,0.0336111047576628,0.1273542546663209,0.8726457453336791,0.1666824542265414,0.8333175457734585,0,-1,0,0
2023/06/12 3:45:27 PM GMT+5:30,23,Female,Multiple times a week,Beauty and Personal Care,Yes,Few times a week,Keyword,Multiple pages,3,Maybe,Sometimes,Found a better price elsewhere,Sometimes,Yes,Occasionally,Sometimes,4,Sometimes,3,3,Competitive prices,Customer service responsiveness,3.0,3.0,3.0,3.0,3.0,3.0,2023-06-12 15:45:27-05:30,2023,6,12,15,0,0.0334457826011336,0.0334202663400642,0.0337974868390756,0.8322382247213026,0.0334375183928755,0.0336607211055482,0.1273542546663209,0.8726457453336791,0.1666824542265414,0.8333175457734585,0,-1,0,0
2023/06/12 3:47:01 PM GMT+5:30,45,Female,Multiple times a week,Beauty and Personal Care,Sometimes,Few times a week,categories,Multiple pages,3,Maybe,Sometimes,High shipping costs,Sometimes,Yes,Moderately,Sometimes,3,Sometimes,3,3,Product recommendations,Reducing packaging waste,3.0,3.0,3.0,3.0,3.0,3.0,2023-06-12 15:47:01-05:30,2023,6,12,15,0,0.0334458274412982,0.0334668791391723,0.0338093831605226,0.8320695011903165,0.033632292277207,0.0335761167914832,0.1273542546663209,0.8726457453336791,0.1250428283408851,0.8749571716591149,0,-1,0,0
2023/06/12 3:49:27 PM GMT+5:30,25,Male,Multiple times a week,Beauty and Personal Care,Sometimes,Few times a week,categories,Multiple pages,2,Yes,Sometimes,Found a better price elsewhere,Always,Yes,Moderately,Sometimes,3,Sometimes,3,2,Product recommendations,Product quality and accuracy,3.0,2.0,3.0,2.0,5.0,3.0,2023-06-12 15:49:27-05:30,2023,6,12,15,0,0.033430837053112,0.0334375614757683,0.8318079580598386,0.03401052730503,0.0334236918289254,0.0338894242773255,0.1273542546663209,0.8726457453336791,0.1666824542265414,0.8333175457734585,0,-1,0,0
2023/06/12 3:54:44 PM GMT+5:30,23,Female,Once a week,Beauty and Personal Care,Sometimes,Few times a week,Filter,Multiple pages,3,Maybe,Sometimes,Found a better price elsewhere,Sometimes,Yes,Moderately,Sometimes,3,Sometimes,3,3,Product recommendations,Customer service responsiveness,3.0,3.0,3.0,3.0,3.0,3.0,2023-06-12 15:54:44-05:30,2023,6,12,15,0,0.2913649057539923,0.033761457598202,0.5741997113301937,0.0334791664205954,0.0336878783094055,0.033506880587611,0.1273542546663209,0.8726457453336791,0.1666824542265414,0.8333175457734585,0,-1,0,0
2023/06/12 3:55:53 PM GMT+5:30,23,Prefer not to say,Multiple times a week,Beauty and Personal Care;Home and Kitchen,Sometimes,Few times a month,Keyword,Multiple pages,3,Maybe,Sometimes,Changed my mind or no longer need the item,Always,Yes,Moderately,Sometimes,3,Sometimes,3,3,Competitive prices,Customer service responsiveness,3.0,3.0,3.0,3.0,5.0,3.0,2023-06-12 15:55:53-05:30,2023,6,12,15,0,0.0334315201722371,0.0334092884529204,0.0336816662962885,0.0334998201040591,0.0336020708599727,0.832375634114522,0.4322740400109385,0.5677259599890614,0.9166431756145148,0.083356824385485,0,-1,0,0
2023/06/12 3:56:57 PM GMT+5:30,23,Female,Multiple times a week,Beauty and Personal Care,Sometimes,Few times a month,categories,Multiple pages,2,Maybe,Often,Found a better price elsewhere,Often,Yes,Moderately,Sometimes,3,Sometimes,3,5,Competitive prices,Customer service responsiveness,3.0,2.0,3.0,5.0,4.0,4.0,2023-06-12 15:56:57-05:30,2023,6,12,15,0,0.0338061634401233,0.0334203116894403,0.0338002783084489,0.8319545697421968,0.0334425365243917,0.0335761402953986,0.1273542546663209,0.8726457453336791,0.1666824542265414,0.8333175457734585,0,-1,0,0
2023/06/12 3:57:52 PM GMT+5:30,23,Female,Once a week,Groceries and Gourmet Food,Sometimes,Few times a week,categories,Multiple pages,3,Maybe,Rarely,High shipping costs,Always,Yes,Moderately,Sometimes,4,Sometimes,3,4,Product recommendations,Customer service responsiveness,3.0,3.0,3.0,4.0,5.0,2.0,2023-06-12 15:57:52-05:30,2023,6,12,15,0,0.3068083703437536,0.2847329162684802,0.3076474143266593,0.0337454671544651,0.0334544926674238,0.0336113392392176,0.8749670464993454,0.1250329535006545,0.1250428283408851,0.8749571716591149,0,-1,0,0
2023/06/12 4:00:56 PM GMT+5:30,25,Female,Once a week,Beauty and Personal Care,Sometimes,Multiple times a day,categories,Multiple pages,4,Maybe,Sometimes,Found a better price elsewhere,Sometimes,Yes,Heavily,Sometimes,3,Sometimes,3,3,Product recommendations,Customer service responsiveness,3.0,4.0,3.0,3.0,3.0,3.0,2023-06-12 16:00:56-05:30,2023,6,12,16,0,0.0337768441711423,0.0334087559043092,0.8320712773175049,0.0338450883430716,0.0334236799558392,0.0334743543081329,0.1273542546663209,0.8726457453336791,0.1666824542265414,0.8333175457734585,0,-1,0,0
2023/06/12 4:02:02 PM GMT+5:30,23,Female,Once a week,Beauty and Personal Care,Sometimes,Few times a week,categories,Multiple pages,4,Maybe,Sometimes,Found a better price elsewhere,Sometimes,Yes,Moderately,Sometimes,3,Sometimes,3,4,Competitive prices,Customer service responsiveness,3.0,4.0,3.0,4.0,3.0,3.0,2023-06-12 16:02:02-05:30,2023,6,12,16,0,0.0334314995334487,0.0334092693813057,0.0336896403800383,0.0334997994281635,0.0334243025851991,0.8325454886918445,0.1273542546663209,0.8726457453336791,0.1666824542265414,0.8333175457734585,0,-1,0,0
2023/06/12 4:02:53 PM GMT+5:30,23,Female,Once a week,Clothing and Fashion,Sometimes,Few times a week,Filter,Multiple pages,3,Maybe,Sometimes,Found a better price elsewhere,Sometimes,Yes,Heavily,Sometimes,3,Sometimes,3,3,Product recommendations,Reducing packaging waste,3.0,3.0,3.0,3.0,3.0,3.0,2023-06-12 16:02:53-05:30,2023,6,12,16,0,0.0334314986060096,0.033409268666115,0.0336896381072017,0.0334997985011649,0.0334243017193396,0.8325454944001691,0.1801228724025039,0.8198771275974961,0.1666824542265414,0.8333175457734585,0,-1,0,0
2023/06/16 9:16:05 AM GMT+5:30,23,Female,Once a week,Clothing and Fashion,Sometimes,Multiple times a day,Keyword,Multiple pages,3,Maybe,Often,Found a better price elsewhere,Sometimes,Yes,Moderately,Sometimes,3,Sometimes,3,3,Product recommendations,Product quality and accuracy,3.0,3.0,3.0,3.0,3.0,4.0,2023-06-16 09:16:05-05:30,2023,6,16,9,4,0.0420767980456431,0.7895748430179124,0.0416667276365486,0.0425945944877615,0.0421249748493089,0.0419620619628253,0.1801228724025039,0.8198771275974961,0.1666824542265414,0.8333175457734585,0,-1,0,0
